time,open,high,low,close,ATR Trailing Stoploss,VWAP,Upper Band #1,Lower Band #1,Volume,Volume MA,Histogram,MACD,Signal,RSI,RSI-based MA,Regular Bullish,Regular Bullish Label,Regular Bearish,Regular Bearish Label,ATR,ADX
2025-07-15T10:30:00-04:00,317.52,317.53,312.7,314.12,313.52205760587765,316.8604246531341,318.65832809265106,315.0625212136171,1179662,959923.7333333333,0.14601836991845873,3.275964584788994,3.1299462148705355,58.801283911183944,65.31275955752325,NaN,NaN,NaN,NaN,3.568315829962114,32.188047192047016
2025-07-15T11:30:00-04:00,314.09,315.49,313.41,314.31,313.52205760587765,316.43907833617567,318.31947805305464,314.5586786192967,570035,920272.4666666667,-0.06935295806693453,3.0432550172868673,3.112607975353802,59.206924976357186,65.2560699562617,NaN,NaN,NaN,NaN,3.4620075563933903,31.96374776342097
2025-07-15T12:30:00-04:00,314.3,315.09,312.82,314.05,313.52205760587765,316.1565297384725,318.0908550620851,314.2222044148599,432857,895069.3666666667,-0.24567758270932671,2.8055109969671435,3.05118857967647,58.36012876872017,65.04557486976854,NaN,NaN,NaN,NaN,3.376864159508147,31.527053374084613
2025-07-15T13:30:00-04:00,314.04,315.24,313.34,314.58,313.52205760587765,315.9751350334033,317.8846567276712,314.06561333913544,429033,892789.3,-0.3373093586479117,2.629551881366581,2.9668612400144925,59.627713361071194,64.81497951401983,NaN,NaN,NaN,NaN,3.2713738624004245,31.157243757521485
2025-07-15T14:30:00-04:00,314.6,314.6,310.5,311.47,313.52205760587765,315.42201350859506,317.63586528793513,313.208161729255,716396,900995.6,-0.6025813087202869,2.2136346041141337,2.8162159128344206,50.00773748970321,63.831289232978285,NaN,NaN,NaN,NaN,3.330561443657539,29.72357795593456
2025-07-15T15:30:00-04:00,311.48,312.36,310.67,310.77,313.52205760587765,315.0677375580189,317.48225760464334,312.6532175113945,456930,896331.4,-0.8076075875138469,1.8067064284421122,2.614314015955959,48.12571271445242,62.633215548087854,NaN,NaN,NaN,NaN,3.213378483396286,28.392316854460987
2025-07-16T09:30:00-04:00,312.8,318.93,312.63,318.18,313.52205760587765,316.58,316.58,316.58,2404526,960735.9666666667,-0.444723275762843,2.058409921252405,2.503133197015248,63.69978481578714,62.46778600021366,NaN,NaN,NaN,NaN,3.5667085917251247,28.710750988789552
2025-07-16T10:30:00-04:00,318.19,321.12,317.72,319.49,313.52205760587765,317.8434899849061,319.2652445516913,316.42173541812093,1898995,1010358.9,-0.13318073835880817,2.336657274066738,2.469838012425546,65.6624965767567,62.43116480298373,NaN,NaN,NaN,NaN,3.5548008351733285,29.39385750771107
2025-07-16T11:30:00-04:00,319.51,321.69,316.081,321.22,313.52205760587765,318.2753231884055,319.73865812780315,316.8119882490078,1338576,965332.3666666667,0.15695715957541134,2.66603446189481,2.509077302319399,68.11438977626295,62.511219641890634,NaN,NaN,NaN,NaN,3.7015293469466606,29.42449146366756
2025-07-16T12:30:00-04:00,321.22,321.56,319.62,320.21,312.33477791499683,318.50714022180387,320.04595621859005,316.9683242250177,668612,954714.4333333333,0.24325140015069913,2.8131415525077728,2.5698901523570736,65.18781766601192,62.33540171281023,NaN,NaN,NaN,NaN,3.575705822164756,29.452937279912874
2025-07-16T13:30:00-04:00,320.22,320.98,318.67,319.45,312.44482233199744,318.6101871180192,320.11872858559417,317.10164565044425,596707,952353.2666666667,0.21265669552466449,2.8357110217629042,2.6230543262382398,62.99450801486868,62.08279499728773,NaN,NaN,NaN,NaN,3.4852982634387017,29.11338368873162
2025-07-16T14:30:00-04:00,319.46,322.94,319.46,322.03,314.366857865598,318.98735260610454,320.69473338680507,317.279971825404,1046569,963026.8666666667,0.3230683990592582,3.0268898250623124,2.703821426003054,67.04780689365828,61.95742696252446,NaN,NaN,NaN,NaN,3.4856341017645094,29.23169920502674
2025-07-16T15:30:00-04:00,322.02,323.46,321.38,321.71,315.5614862924784,319.2620086919181,321.1239933138693,317.4000240699669,747815,954495.3333333334,0.33026466023225565,3.116652251293374,2.786387591061118,66.0810125720618,61.7008321993437,NaN,NaN,NaN,NaN,3.3852316659241866,29.45290137343956
2025-07-17T09:30:00-04:00,323.12,324.34,319.95,321.895,315.8261890339827,322.06166666666667,322.06166666666667,322.06166666666667,2084171,978012.8666666667,0.30386542210797796,3.1662193686960904,2.8623539465881125,66.38281125494902,61.37858062798889,NaN,NaN,NaN,NaN,3.4570008326438866,29.06744443863109
2025-07-17T10:30:00-04:00,321.83,323.48,321.3,322.13,315.8261890339827,322.13335415292147,322.2437415623864,322.02296674345655,878984,976979.8333333334,0.26029137999060126,3.187718171576364,2.927426791585763,66.78707280041553,61.94899412007686,NaN,NaN,NaN,NaN,3.3657864874550376,28.709520142023226
2025-07-17T11:30:00-04:00,322.135,322.39,319.75,320.53,315.8261890339827,321.8655447479472,322.3859492029023,321.3451402929921,813454,945223.0333333333,0.09053805694008776,3.0405993627608723,2.9500613058207845,61.37539257678143,62.10388466296431,NaN,NaN,NaN,NaN,3.3139445954939624,27.73156456578726
2025-07-17T12:30:00-04:00,320.55,321.84,317.7,319.47,315.8261890339827,321.53564130594,322.4552111198448,320.61607149203513,667822,930841.6333333333,-0.1151480612862108,2.806126229213021,2.9212742904992317,58.02113431645455,62.07967077351676,NaN,NaN,NaN,NaN,3.3729485529586785,26.051073598230438
2025-07-17T13:30:00-04:00,319.45,319.65,317.07,319.02,315.8261890339827,321.0532450281937,322.43189629584543,319.674593760542,866868,934366.1,-0.29338253254472146,2.55454612481833,2.8479286573630516,56.60676799637962,61.863888961753084,NaN,NaN,NaN,NaN,3.316309370604486,24.266011631140245
2025-07-17T14:30:00-04:00,319.06,319.81,318.27,318.91,315.8261890339827,320.87259074681043,322.31224808851493,319.4329334051059,511486,928901.7666666667,-0.42270081397380954,2.3195526398957895,2.742253453869599,56.24583142655338,62.309467100099525,NaN,NaN,NaN,NaN,3.1894301298470245,22.666303601300154
2025-07-17T15:30:00-04:00,318.87,319.7,318.45,319.36,315.8261890339827,320.75327262387674,322.2080155413272,319.2985297064263,438815,919975.5666666667,-0.4778789848845162,2.144904722763954,2.62278370764847,57.441346131072734,62.974869487000966,NaN,NaN,NaN,NaN,3.0508994062865225,21.180860430734356
2025-07-18T09:30:00-04:00,321.66,330.71,321.42,327.07,320.0300978704995,326.40000000000003,326.40000000000003,326.40000000000003,3188439,995814.6333333333,-0.01928961777044025,2.59867168543542,2.61796130320586,71.7058939915749,63.54673442812867,NaN,NaN,NaN,NaN,3.6436923058374826,22.571156282864855
2025-07-18T10:30:00-04:00,327.09,329.11,325.5,327.19,320.0300978704995,326.65394913285076,327.04840963328127,326.25948863242024,1321492,1016070.2666666667,0.25294717300397407,2.934145269460828,2.681198096456854,71.86396223146326,63.989696260607715,NaN,NaN,NaN,NaN,3.6412857125633775,23.86214528841461
2025-07-18T11:30:00-04:00,327.21,329.02,327.13,328.12,320.0300978704995,326.891860504769,327.5359660143389,326.2477549951991,895525,979590.2333333333,0.4452264666747392,3.237731179800278,2.7925047131255387,73.11740970727624,64.34705482710866,NaN,NaN,NaN,NaN,3.5161938759517066,25.060920793567952
2025-07-18T12:30:00-04:00,328,328.1,324.85,327.56,320.0300978704995,326.8826956226641,327.4712571643818,326.2941340809463,1076287,986824.2666666667,0.48120727162845434,3.3940138026611066,2.9128065310326523,71.0644273168846,64.76681265931386,NaN,NaN,NaN,NaN,3.498608599098012,25.242561028168364
2025-07-18T13:30:00-04:00,327.55,330.84,327.15,329.81,321.78355208775656,327.2360775614882,328.24237263625434,326.229782486722,1128013,1005274.8333333334,0.5955679052254523,3.657266412564468,3.0616985073390155,74.19901155494146,65.56713434074763,NaN,NaN,NaN,NaN,3.512279413448154,25.96528989687022
2025-07-18T14:30:00-04:00,329.8,330.9,328.78,328.83,322.59484167020526,327.5149768810366,328.7160662116404,326.3138875504328,1067392,1024272.8333333334,0.5455720497032539,3.743663569468083,3.198091519764829,70.61104219392277,65.82165114790938,NaN,NaN,NaN,NaN,3.4128308839161434,26.648031964643927
2025-07-18T15:30:00-04:00,328.83,329.85,326.24,329.59,322.59484167020526,327.59836200717945,328.78482389766333,326.41190011669556,752409,1028515.7,0.5049808622597545,3.8293175975895224,3.324336735329768,71.75185083922318,66.22671102413518,NaN,NaN,NaN,NaN,3.4269143922078484,26.2843553859427
2025-07-21T09:30:00-04:00,334.37,338,328.5,330.1,326.4906986689314,332.2,332.2,332.2,2218584,1084170.8666666667,0.45530682620220464,3.893470268082524,3.4381634418803193,72.52265603916621,66.665271365865,NaN,NaN,NaN,NaN,3.8607062213358594,27.418052097833318
2025-07-21T10:30:00-04:00,330.13,330.3,327.8,329.16,326.4906986689314,331.26146138458404,332.690142182869,329.83278058629907,957436,1097612.2,0.30897048275827554,3.824376545328164,3.5154060625698884,68.796481237125,66.80880053991567,NaN,NaN,NaN,NaN,3.7635129198118693,28.229979169992227
2025-07-21T11:30:00-04:00,329.14,330.25,326.89,328.75,326.4906986689314,330.7928839681359,332.4333561432504,329.15241179302143,688068,1068065.2666666666,0.14283842623229281,3.6939540953602545,3.5511156691279617,67.17526990756039,67.22307749211417,NaN,NaN,NaN,NaN,3.734690568396737,28.66537308355918
2025-07-21T12:30:00-04:00,328.72,330.35,328.72,329.73,326.4906986689314,330.6562727913599,332.2460062594092,329.0665393233106,499755,1045401.7,0.061388712216289054,3.627851559398323,3.566462847182034,69.05253411378092,68.01103462049461,NaN,NaN,NaN,NaN,3.5843555277969696,29.08743839132006
2025-07-21T13:30:00-04:00,329.75,330.82,329.17,329.71,326.4906986689314,330.58573564833597,332.1154110703113,329.0560602263606,448880,1041363.2,-0.026671602596476607,3.5331233439364382,3.559794946532915,68.96584852105336,68.89382608654275,NaN,NaN,NaN,NaN,3.44618727581147,29.56727796353742
2025-07-21T14:30:00-04:00,329.72,330.29,327.81,329.35,326.4906986689314,330.4668994927914,331.98437356533196,328.94942542025086,434297,1041411.2,-0.13589626242532837,3.3899246185012544,3.5258208809265827,67.32746064637018,69.68537103081538,NaN,NaN,NaN,NaN,3.377173898967795,29.475629734060533
2025-07-21T15:30:00-04:00,329.4,329.81,327.95,328.5,326.4906986689314,330.3763988549812,331.90217711401476,328.8506205959476,292569,1036862.4,-0.28362150673497855,3.17129399750786,3.4549155042428383,63.4921230403182,70.11756938147576,NaN,NaN,NaN,NaN,3.2688043347558104,29.390527806689132
2025-07-22T09:30:00-04:00,329.84,330.445,321.55,327.67,326.4906986689314,326.555,326.555,326.555,1695566,1069501.4,-0.44581138604491244,2.897651271686698,3.34346265773161,59.90365926462743,69.27455261526522,NaN,NaN,NaN,NaN,3.6706754537018225,27.397667656900076
2025-07-22T10:30:00-04:00,327.73,331.58,327.34,329.64,326.4906986689314,327.6941973079383,329.1364003143221,326.2519943015545,1057937,1089534.9666666666,-0.4288596038503356,2.8073881529186906,3.236247756769026,64.96498045695188,68.78176820280012,NaN,NaN,NaN,NaN,3.7113414927231214,25.641933546313407
2025-07-22T11:30:00-04:00,329.63,332.34,329.45,330.15,326.4906986689314,328.33303201696856,330.09596555921956,326.57009847471755,760290,1034727.1,-0.3927102705967922,2.745359918523036,3.138070189119828,66.15602805690312,68.28452665634491,NaN,NaN,NaN,NaN,3.6526742432428976,24.21777030088392
2025-07-22T12:30:00-04:00,330.13,332.23,329.65,331.895,323.29021090278127,328.6733353431238,330.577559288748,326.76911139749967,462575,986846.4333333333,-0.2667134110822973,2.8046784252669568,3.071391836349254,69.92360763850515,68.20303953646065,NaN,NaN,NaN,NaN,3.5760546544398366,22.89533300155654
2025-07-22T13:30:00-04:00,331.88,334.25,329.84,333.68,324.89316872222497,329.478414180634,331.7991456359127,327.1576827253553,1028829,976521.5333333333,-0.0878462259518793,2.961584053909405,3.0494302798612845,73.20906915191213,68.1323293648157,NaN,NaN,NaN,NaN,3.635622179122707,22.232263013858606
2025-07-22T14:30:00-04:00,333.62,335.42,333.11,333.54,326.77953497778003,330.1929806340138,332.890398754824,327.4955625132036,933738,985359.0666666667,-0.007866241932891427,3.03959747744517,3.0474637193780616,72.53976841111677,68.27009552318671,NaN,NaN,NaN,NaN,3.5409348806139422,21.923321251143047
2025-07-22T15:30:00-04:00,333.525,333.77,332.08,332.11,326.77953497778003,330.3586378976628,333.03563154451297,327.6816442508126,428740,979760.1666666666,-0.07636638029834142,2.9520057440051346,3.028372124303476,65.9113583482146,67.85291748811467,NaN,NaN,NaN,NaN,3.408725246284375,21.257367506503435
2025-07-23T09:30:00-04:00,330.9,334.6,329.04,333.48,326.77953497778003,332.3733333333334,332.3733333333334,332.3733333333334,1404347,991686.1,-0.05547657927463856,2.9590264002101776,3.014502979484816,68.84823109231891,67.59045856333987,NaN,NaN,NaN,NaN,3.5623877286926344,19.845634706712968
2025-07-23T10:30:00-04:00,333.46,334.2,332.09,333.11,326.77953497778003,332.6558993275181,333.0231956854083,332.2886029696279,831153,994464.0333333333,-0.0905702665979895,2.9012901462373293,2.991860412835319,67.16522477727402,67.47394024477907,NaN,NaN,NaN,NaN,3.4586457480717328,18.534739964050388
2025-07-23T11:30:00-04:00,333.09,336.2,332.78,333.27,327.8950255268987,333.0259737594278,333.72685368394275,332.3250938349129,782422,951072.4,-0.12488386097635118,2.83575558661488,2.960639447591231,67.53480937028975,67.49962163497403,NaN,NaN,NaN,NaN,3.4558853374951815,17.736140475401083
2025-07-23T12:30:00-04:00,333.25,333.57,328.68,330.86,327.8950255268987,332.6053495300977,333.62867312745897,331.5820259327365,809221,948746.9666666667,-0.3206364933226702,2.5598438309378935,2.8804803242605637,57.10785643729899,66.64643037236819,NaN,NaN,NaN,NaN,3.5583220991026674,17.181537424028495
2025-07-23T13:30:00-04:00,330.87,333.65,329.42,332.8,327.8950255268987,332.4919437099286,333.45361921589824,331.53026820395894,810833,948659.6,-0.32897667758677773,2.4692594772770917,2.7982361548638695,62.17103829886506,66.161086785069,NaN,NaN,NaN,NaN,3.6062990920239026,16.63999957102429
2025-07-23T14:30:00-04:00,332.77,335.7,332.01,333.83,327.8950255268987,332.7185217667812,333.73131795135384,331.7057255822085,931497,957448.7666666667,-0.2767374336154469,2.452314362844561,2.729051796460008,64.56283841649156,65.96361376864911,NaN,NaN,NaN,NaN,3.6122777283079093,15.469255427902805
2025-07-23T15:30:00-04:00,333.8,334.35,332.07,332.91,327.8950255268987,332.75620156245077,333.7259221909916,331.78648093390996,593153,948324.9333333333,-0.3130803489899412,2.3377013602225816,2.6507817092125228,60.861342492219364,65.77570087235634,NaN,NaN,NaN,NaN,3.5171150334287753,14.382135866432852
2025-07-24T09:30:00-04:00,310.09,310.15,300.99,303.8,327.8950255268987,304.98,304.98,304.98,5597405,1117855.5666666667,-2.2013460596180146,-0.10090086530999542,2.100445194308019,20.605877883289722,62.96871648797507,NaN,NaN,NaN,NaN,5.545892531041007,17.647788269738292
2025-07-24T10:30:00-04:00,303.8,305.49,301.31,302.3,327.8950255268987,304.4393675796706,305.31123207469557,303.56750308464564,2152251,1174970.1,-3.384352080880089,-2.129994906792092,1.2543571740879969,19.87633089222838,59.74809866192339,NaN,NaN,NaN,NaN,5.448328778823793,20.68017978709334
2025-07-24T11:30:00-04:00,302.28,303.38,300.41,301.25,327.8950255268987,303.97838878741493,305.27941385595784,302.677363718872,1554318,1120499.4,-4.026868289844649,-3.7792281882178145,0.24764010162683459,19.35962685540278,56.40549857610194,NaN,NaN,NaN,NaN,5.271305294622091,23.552265533976158
2025-07-24T12:30:00-04:00,301.21,304.99,301,304.29,327.8950255268987,303.9187536449675,305.1593394550408,302.6781678348942,1127532,1114034.0666666667,-4.0267419017086175,-4.7857872755089375,-0.7590453738003198,25.40578821775162,53.22565433176241,NaN,NaN,NaN,NaN,5.179783487863371,25.797917527553217
2025-07-24T13:30:00-04:00,304.3,305.76,302.19,303.83,327.8950255268987,303.91954427842603,305.09652496221844,302.7425635946336,1157968,1122782.1666666667,-3.8380102732826114,-5.556558215403584,-1.7185479421209726,25.099129862541332,49.789230096807344,NaN,NaN,NaN,NaN,5.064798953015987,27.678010849953534
2025-07-24T14:30:00-04:00,303.82,306.71,303.55,306.66,326.34605306977215,304.06910105233834,305.2937648338401,302.8444372708366,1103371,1123684.9666666666,-3.322250442237309,-5.871360994917609,-2.5491105526803,30.64551433113408,46.796783376808584,NaN,NaN,NaN,NaN,4.928741884943414,29.16270840819934
2025-07-24T15:30:00-04:00,306.66,307.47,305,305.12,326.34605306977215,304.210488407373,305.48143563445024,302.9395411802958,1085769,1122276.8333333333,-2.8998637620785788,-6.173940255278524,-3.274076493199945,29.370954753069014,44.1867545485839,NaN,NaN,NaN,NaN,4.753117464590315,30.326264156409806
2025-07-25T09:30:00-04:00,308.74,314.52,308.02,313.67,326.34605306977215,312.07,312.07,312.07,3057554,1188615.5666666667,-1.9076141676757041,-5.658594202794575,-3.7509800351188707,43.43657797001108,42.371636468419055,NaN,NaN,NaN,NaN,5.0850376456910045,29.656237302409842
2025-07-25T10:30:00-04:00,313.65,318.73,312.14,318.47,325.72684245581775,313.7763466880315,315.9109407130262,311.64175266303675,1953791,1228661.6333333333,-0.8451693028146003,-4.807441663637121,-3.9622723608225208,49.515086950022464,41.110912337901084,NaN,NaN,NaN,NaN,5.192534956713078,28.189520836179828
2025-07-25T11:30:00-04:00,318.43,323.62,317.78,323.29,308.938535603707,316.2620226542492,320.29679144575886,312.2272538627396,2349717,1233032.7333333334,0.20878014731602823,-3.7012971766774854,-3.9100773239935136,54.77122427256973,40.19922768806394,NaN,NaN,NaN,NaN,5.238782459805003,26.37368549512995
2025-07-25T12:30:00-04:00,323.28,323.28,317,317.84,308.938535603707,316.8945016259613,320.7073533908352,313.08164986108744,1878190,1263724.5333333334,0.5462718047374504,-3.2272375680717005,-3.773509372809151,48.60876798465628,39.59214994144661,NaN,NaN,NaN,NaN,5.313869426961789,24.552682526788285
2025-07-25T13:30:00-04:00,317.8,318.57,315.37,318.405,308.938535603707,316.97846214824295,320.4960412094097,313.4608830870762,1650947,1295820.5,0.7996279113429008,-2.773974483630525,-3.5736023949734257,49.24630542419839,38.66895473611327,NaN,NaN,NaN,NaN,5.162878753607375,23.022204752495597
2025-07-25T14:30:00-04:00,318.4,318.51,312.7,314.25,308.938535603707,316.7263420571301,320.05210737994025,313.40057673432,1745469,1337344.3,0.6839262519366955,-2.7186945800525564,-3.402620831989252,44.840785773702784,37.26023669019979,NaN,NaN,NaN,NaN,5.2091016997782775,22.05400038729745
2025-07-25T15:30:00-04:00,314.21,316.73,313.82,316.065,308.938535603707,316.63176643530016,319.83857168290945,313.4249611876909,1092912,1358812.0333333334,0.7224042535245863,-2.4996155150835193,-3.2220197686081056,47.06834493306213,36.27502257883141,NaN,NaN,NaN,NaN,5.044880149794117,21.15495347675631
2025-07-28T09:30:00-04:00,318.07,326.4,315.71,325.12,311.1135857466227,322.40999999999997,322.40999999999997,322.40999999999997,2991893,1444065.2333333334,1.3158953798608755,-1.577150543782011,-2.8930459236428865,56.505516715523,38.8392824954195,NaN,NaN,NaN,NaN,5.448102996237394,20.65389390368237
2025-07-28T10:30:00-04:00,325.13,328.95,322.64,327.36,313.56586859729816,323.9819888566612,325.8977361002275,322.06624161309486,2014506,1501463.1333333333,1.7882296241918985,-0.6577588934030132,-2.4459885175949116,58.477720645082876,41.59652462062339,NaN,NaN,NaN,NaN,5.509667067934723,20.542548411328347
2025-07-28T11:30:00-04:00,327.39,330.48,326.76,328.96,316.3126948778385,325.11367632217895,327.73898717541255,322.48836546894535,1565253,1497119.3666666667,2.1149454986192717,0.19769335567917778,-1.9172521429400937,59.87719697501158,44.49063677202402,NaN,NaN,NaN,NaN,5.381833705939387,20.646901357944916
2025-07-28T12:30:00-04:00,329,329.32,326.89,328.16,316.7711559022708,325.48898114920127,328.138787998895,322.83917429950753,936235,1493062.6333333333,2.1752808321145216,0.8018488972030582,-1.3734319349114634,58.809889810249004,46.87664402863097,NaN,NaN,NaN,NaN,5.170988441229432,20.7438005226603
2025-07-28T13:30:00-04:00,328.13,329.46,326.165,327.02,317.77342472181664,325.7031063935131,328.2889358590842,323.11727692794204,871236,1496760.8333333333,2.0388352145925053,1.175112083329168,-0.8637231312633371,57.24401303456792,49.17270711234716,NaN,NaN,NaN,NaN,5.036989266855898,20.66494901484605
2025-07-28T14:30:00-04:00,327.03,328.37,326.06,326.18,317.8657397774533,325.8031915231078,328.29714011346476,323.3092429327508,786107,1507545.2333333334,1.8007021952668385,1.3871546128202112,-0.41354758244662737,56.05956487395817,50.98799643683459,NaN,NaN,NaN,NaN,4.842204319223335,20.56598568655216
2025-07-28T15:30:00-04:00,326.26,327.2,325.34,325.54,317.86659182196263,325.8209957175171,328.2143016934539,323.42768974158037,793401,1499697.6333333333,1.519976177088144,1.4864226389135524,-0.03355353817459139,55.12370726668678,52.82747875923586,NaN,NaN,NaN,NaN,4.629189724993097,20.28867855270408
2025-07-29T09:30:00-04:00,325.58,326.25,318.25,319.33,317.86659182196263,321.27666666666664,321.27666666666664,321.27666666666664,2156856,1540468.2333333334,0.8683410935109726,1.0518728287141244,0.1835317352031518,46.93599791048897,53.077437326412856,NaN,NaN,NaN,NaN,4.86996188749359,19.210588109470052
2025-07-29T10:30:00-04:00,319.36,322.63,318.37,318.53,317.86659182196263,320.7446957155823,321.4371540925076,320.05223733865694,1272945,1568608.4,0.36166161755594023,0.6356087571480771,0.27394713959213685,45.98833313347724,52.82552633951676,NaN,NaN,NaN,NaN,4.826393181244048,18.20950412646702
2025-07-29T11:30:00-04:00,318.51,322.23,318.36,320.59,317.86659182196263,320.6596362642492,321.2809823167223,320.03829021177603,1095508,1558313.7666666666,0.15409270211478215,0.46656301723561455,0.3124703151208324,48.852104666035274,52.40273208190716,NaN,NaN,NaN,NaN,4.758079382583759,17.28200253995678
2025-07-29T12:30:00-04:00,320.55,321.74,319.65,320.43,317.86659182196263,320.65354790990284,321.2383394500579,320.0687563697478,587691,1550198.3666666667,0.00285517469496982,0.3160392834895447,0.31318410879457487,48.6364048880108,52.40470614643248,NaN,NaN,NaN,NaN,4.567502283827778,16.420751066768695
2025-07-29T13:30:00-04:00,320.45,323.75,320.1,322.63,317.86659182196263,320.8656014324752,321.6194743966673,320.11172846828316,837632,1552038.7,0.04545637015113324,0.3700045714834914,0.3245482013323582,51.78853495644793,52.58629397016459,NaN,NaN,NaN,NaN,4.501966406411507,15.376057996260656
2025-07-29T14:30:00-04:00,322.63,324.07,322.21,322.38,317.86659182196263,321.0883719751525,322.04036375788786,320.1363801924171,737157,1549636.5666666667,0.05086181614918017,0.38812547151883336,0.3372636553696532,51.402492645512964,53.05498731815103,NaN,NaN,NaN,NaN,4.313254520239257,14.48530831615155
2025-07-29T15:30:00-04:00,322.39,322.55,320.78,321.34,317.86659182196263,321.1176651569105,322.04635087259135,320.18897944122966,446255,1537483.9666666666,-0.017861554206262564,0.314936712611825,0.33279826681808755,49.74138725129989,53.24591891231087,NaN,NaN,NaN,NaN,4.131593483079312,13.622469405597313
2025-07-30T09:30:00-04:00,322.18,324.46,320,322.21,317.86659182196263,322.22333333333336,322.22333333333336,322.22333333333336,1439739,1554425.3666666667,-0.007512389917428308,0.32340777942130217,0.3309201693387305,51.163163101217116,52.864322225574746,NaN,NaN,NaN,NaN,4.1550510914307885,12.983113834061824
2025-07-30T10:30:00-04:00,322.215,322.36,316.92,317.65,317.86659182196263,320.6785973493537,322.3000268321795,319.0571678665279,1306761,1578212.3,-0.29465740537000756,-0.037401587373778966,0.2572558179962286,44.118340270978166,51.83865219885298,NaN,NaN,NaN,NaN,4.24683315632859,12.52320995922323
2025-07-30T11:30:00-04:00,317.64,319.39,317.4,317.68,315.967193629809,320.1927691396268,321.9567898111633,318.42874846809036,655334,1413476.6,-0.45961873231690675,-0.31726759739990484,0.1423511349170019,44.17280302612314,50.71690977393238,NaN,NaN,NaN,NaN,4.085630788019405,12.096156361158823
2025-07-30T12:30:00-04:00,317.7,318.88,317.35,317.85,315.967193629809,319.8927897523872,321.6929632062038,318.09261629857065,546845,1359963.0666666667,-0.5293681080588458,-0.5193590001565553,0.010009107902290454,44.502878396856914,49.694980387261516,NaN,NaN,NaN,NaN,3.903085731732303,11.713046555079355
2025-07-30T13:30:00-04:00,317.88,318.86,315.85,316.68,315.967193629809,319.48411008563903,321.4137056550978,317.5545145161803,685501,1331002.5,-0.6200932323329984,-0.7651074325139575,-0.14501420018095915,42.634560759716344,48.65144808191497,NaN,NaN,NaN,NaN,3.8392938937514236,11.764175792455124
2025-07-30T14:30:00-04:00,316.65,317.81,311.64,315.59,315.967193629809,318.4031895444449,320.9502064714196,315.8561726174702,1477697,1342674.6666666667,-0.7126908574748714,-1.0358777720245484,-0.323186914549677,40.911375340147195,47.56943454378562,NaN,NaN,NaN,NaN,4.005772901340609,12.786406232730949
2025-07-30T15:30:00-04:00,315.64,319.25,315.17,319.12,315.967193629809,318.33846765085684,320.73944101563086,315.9374942860828,804334,1330886.8666666667,-0.5051460358996931,-0.9546194594242934,-0.4494734235246003,48.21159082579233,47.075711940864586,NaN,NaN,NaN,NaN,4.011074836959136,13.246755137801058
2025-07-31T09:30:00-04:00,319.54,321.36,315.95,316.28,315.967193629809,317.8633333333333,317.8633333333333,317.8633333333333,1476419,1343321.8,-0.5257247744684557,-1.10662939161017,-0.5809046171417143,43.54986304235777,46.833845164569496,NaN,NaN,NaN,NaN,4.110998062890628,13.002238400313443
2025-07-31T10:30:00-04:00,316.27,317.39,311.5,312.44,315.967193629809,315.8344751387559,317.8777571999096,313.79119307760226,1455648,1355651.1,-0.7508276002805685,-1.5194391174924249,-0.7686115172118564,38.17494945866716,46.275746330654485,NaN,NaN,NaN,NaN,4.238069629827011,13.754075841334522
2025-07-31T11:30:00-04:00,312.45,314.1,311.72,313.62,315.967193629809,315.2671399888875,317.38769955870964,313.14658041906534,784478,1279881.9,-0.770245939250443,-1.7314189412749101,-0.9611730020244671,40.60099703915896,45.686381500163314,NaN,NaN,NaN,NaN,4.105350370553653,14.452210607996955
2025-07-31T12:30:00-04:00,313.57,314.07,309.59,309.87,312.8457549038472,314.48034728596724,316.9765726856538,311.98412188628066,885119,1244259.5,-0.9725928215429911,-2.176914028953206,-1.204321207410215,35.79394967741817,44.76906327083527,NaN,NaN,NaN,NaN,4.13211105837125,15.525446947632263
2025-07-31T13:30:00-04:00,309.85,311.65,306.1,308.43,311.2349065107698,313.1372518982069,316.40840273046297,309.86610106595083,1401282,1212645,-1.129352873748839,-2.616012299596264,-1.4866594258474248,34.123214758665995,43.50725468527942,NaN,NaN,NaN,NaN,4.233388839916158,17.130080106087934
2025-07-31T14:30:00-04:00,308.39,311,308.34,310.2,311.2349065107698,312.75463183700725,316.00560980075994,309.50365387325456,789847,1176366.9,-1.0418936385510928,-2.789026474036291,-1.747132835485198,37.95665409204078,42.5468376457457,NaN,NaN,NaN,NaN,4.121003922779291,18.620096610368204
2025-07-31T15:30:00-04:00,310.26,310.73,307.95,308.27,311.2349065107698,312.4094623947843,315.6933829634091,309.1255418261596,684348,1144146.9333333333,-1.0396979127209462,-3.046755226386381,-2.0070573136654346,35.52888958787932,41.53165924121565,NaN,NaN,NaN,NaN,4.025217928295058,20.07190826438488
2025-08-01T09:30:00-04:00,306.12,308.76,297.83,304.54,311.14455213351414,303.71,303.71,303.71,2601039,1172665.9333333333,-1.2035609193293966,-3.51150846282718,-2.3079475434977836,31.35482450946519,40.11677791323337,NaN,NaN,NaN,NaN,4.518416647702554,22.732317056759086
2025-08-01T10:30:00-04:00,304.57,307.37,303.88,304.84,311.14455213351414,304.22392954857236,304.98915714394604,303.45870195319867,1173202,1175342.2666666666,-1.202988008785228,-3.8116825544793187,-2.6086945456940906,32.04631734616635,39.254490561461104,NaN,NaN,NaN,NaN,4.444958315723801,25.202696649677993
2025-08-01T11:30:00-04:00,304.81,309.31,304.75,307.18,311.14455213351414,304.82302819803675,306.1702068322007,303.4758495638728,1001848,1109007.4333333333,-0.9664499967408702,-3.8167570416201784,-2.850307044879308,37.347754225220505,38.766987075682344,NaN,NaN,NaN,NaN,4.453175578886387,26.791995113470474
2025-08-01T12:30:00-04:00,307.16,307.23,302.74,303.27,306.27264170681127,304.7562560794972,305.9980277633332,303.51448439566116,929975,1072856.4,-0.9910710077568012,-4.08914580457531,-3.0980747968185085,32.750076748033095,37.927501243623496,NaN,NaN,NaN,NaN,4.455805894680217,28.513208591609633
2025-08-01T13:30:00-04:00,303.2,304.87,301.37,303.24,304.0161133654491,304.5528018848305,305.82905805916477,303.27654571049624,833516,1048465.1666666666,-0.9282193739418974,-4.25834901424588,-3.3301296403039826,32.71679746382553,37.219089579631294,NaN,NaN,NaN,NaN,4.387534045060201,30.27214180511165
2025-08-01T14:30:00-04:00,303.22,304.6,301.16,301.95,303.76289069235924,304.3502493135985,305.700446056326,303.00005257087105,744058,1042059.2666666667,-0.892131024173259,-4.4452934205205565,-3.5531623963472976,31.246464551243946,36.52873880899535,NaN,NaN,NaN,NaN,4.319853041841616,31.93055400442838
2025-08-01T15:30:00-04:00,301.95,303.67,301.08,302.63,301.2227600344879,304.19501186844155,305.588802712951,302.8012210239321,651692,1034741.1333333333,-0.746955048497437,-4.486856206969094,-3.739901158471657,32.95688532102194,35.439116987226036,NaN,NaN,NaN,NaN,4.196292110281503,33.48070392029513
2025-08-04T09:30:00-04:00,309,312.13,305.58,309.03,301.2227600344879,308.91333333333336,308.91333333333336,308.91333333333336,1935166,1073043.1,-0.17427592813240533,-3.9577460686371637,-3.7834701405047584,46.45771782637425,35.64682090037007,NaN,NaN,NaN,NaN,4.5751283881185385,32.078008450610405
2025-08-04T10:30:00-04:00,309.02,309.04,303.18,306.14,301.2227600344879,307.76616820633075,309.14036861364747,306.391967799014,1348559,1091548.3666666667,0.04386420864127327,-3.7286398797031666,-3.77250408834444,42.31397543253021,35.94246561278886,NaN,NaN,NaN,NaN,4.666904931824358,31.22674133581631
2025-08-04T11:30:00-04:00,306.15,308.98,305.65,308.68,299.4819525673477,307.7668629532045,309.0102599664931,306.5234659399159,727231,1043894.2,0.3747808517578215,-3.304028023647163,-3.6788088754049846,46.80481707038196,36.385595615019064,NaN,NaN,NaN,NaN,4.571411722408335,30.43627901493608
2025-08-04T12:30:00-04:00,308.665,309.75,306.82,308.47,299.4819525673477,307.8470632049404,309.0184947791033,306.6756316307775,643870,1022925.0333333333,0.582683650090043,-2.9504543127924308,-3.5331379628824737,46.48262264983221,37.149072255905786,NaN,NaN,NaN,NaN,4.4541680279505975,29.47433199221735
2025-08-04T13:30:00-04:00,308.46,310.17,307.49,309.38,299.9115997715856,307.96809951788464,309.13272389269474,306.80347514307454,539021,1004375.4666666667,0.7727328750263691,-2.5672218690995123,-3.3399547441258814,48.14832364727654,38.150865747949396,NaN,NaN,NaN,NaN,4.327441740239841,28.452755251777717
2025-08-04T14:30:00-04:00,309.36,310.84,308.93,309.01,301.67827981726845,308.1152789682612,309.3198783008847,306.9106796356377,517185,1002025.2666666667,0.8581813074101476,-2.267228109863197,-3.1254094172733446,47.50095806265267,38.83260174585025,NaN,NaN,NaN,NaN,4.1547673302227075,27.292634908723297
2025-08-04T15:30:00-04:00,309,309.95,308.07,309.295,301.6806238538148,308.1832425064128,309.37238592940844,306.99409908341715,421089,988140.5,0.9134332424624279,-1.9836178641953097,-2.8970511066577376,48.080027586527216,39.72911160289652,NaN,NaN,NaN,NaN,3.992283949492514,26.430594466089268
2025-08-05T09:30:00-04:00,308.99,312.45,305.5,307.95,302.35949908305184,308.6333333333334,308.6333333333334,308.6333333333334,1433935,1011366.4333333333,0.8407575091048867,-1.8461042202766293,-2.686861729381516,45.52780720752726,40.741467509900964,NaN,NaN,NaN,NaN,4.203549381671619,26.232442037142476
2025-08-05T10:30:00-04:00,307.99,308.49,305.62,306.97,302.35949908305184,308.0754397513257,308.8403605138429,307.3105189888085,762780,1021917.2666666667,0.7130861644548507,-1.7955040238129527,-2.5085901882678034,43.70728585494886,41.574393831956854,NaN,NaN,NaN,NaN,4.108295854409361,26.048443353120458
2025-08-05T11:30:00-04:00,306.88,308.18,306.41,307.09,302.35949908305184,307.9382496740747,308.7051613965404,307.171337951609,423517,988043.2,0.6262115415302452,-1.7258257613549972,-2.3520373028852424,44.002561115695435,42.0497371812765,NaN,NaN,NaN,NaN,3.9412747219515483,25.877587432242873
2025-08-05T12:30:00-04:00,307.09,308.15,306.04,308.09,302.35949908305184,307.86092139051414,308.5908744433637,307.13096833766457,466588,960037.4333333333,0.624193906093415,-1.5717949202684736,-2.1959888263618885,46.52005964013046,43.03330738785488,NaN,NaN,NaN,NaN,3.810469384669292,25.814753304169063
2025-08-05T13:30:00-04:00,308.07,310.91,308.03,309.25,303.19181082441804,308.1004648112061,308.97236949226647,307.22856013014575,570457,957208.2,0.6842569162818148,-1.34066768100962,-2.024924597291435,49.363892363262494,44.22238559495752,NaN,NaN,NaN,NaN,3.7440072857643463,24.65201257546082
2025-08-05T14:30:00-04:00,309.27,310.62,308.8,309.65,303.53544865953444,308.2586775584356,309.2131427153636,307.3042124015076,404261,952455.4,0.7300212857781421,-1.1123979900687573,-1.8424192758468994,50.344437797422366,45.58652654111312,NaN,NaN,NaN,NaN,3.6065781939240353,23.57232475594602
2025-08-05T15:30:00-04:00,309.66,310.12,308.44,308.68,303.61235892762755,308.32165309143824,309.2644728626644,307.3788333202121,337283,940848.1333333333,0.675330434819664,-0.9982562323223192,-1.6735866671419832,47.92101153259737,46.65539269908279,NaN,NaN,NaN,NaN,3.468965465786605,22.6884455569952
2025-08-06T09:30:00-04:00,307.85,317.31,306.95,314.85,306.92388714210205,313.0366666666667,313.0366666666667,313.0366666666667,1892377,954670.8,1.0146620875926549,-0.40525905765116477,-1.4199211452438196,60.83531675662723,47.682364051243724,NaN,NaN,NaN,NaN,3.96118221823042,22.517275444000596
2025-08-06T10:30:00-04:00,314.94,319.51,314.55,318.5,308.72110971368164,314.8713182026594,317.07572472773563,312.66691167758313,1310785,971552.5,1.4200379532995844,0.35512629638066073,-1.0649116569189236,66.17843292077129,49.386968157546676,NaN,NaN,NaN,NaN,4.032526345499674,22.844272272775825
2025-08-06T11:30:00-04:00,318.48,319.55,316.68,317.22,309.48388777094533,315.4723289948241,317.7694571191356,313.17520087051264,821185,949711.3666666667,1.5277009430914863,0.8447145219454342,-0.6829864211460521,62.935787532115995,50.53918033338482,NaN,NaN,NaN,NaN,3.949488749392555,23.15660047457387
2025-08-06T12:30:00-04:00,317.205,318.71,316.22,318.53,309.48388777094533,315.7602382790966,318.04556016204555,313.47491639614765,562515,919940.2666666667,1.604925207903407,1.3231700887332067,-0.28175511917020035,64.83485917428553,51.850054370845776,NaN,NaN,NaN,NaN,3.8452395530073686,23.262659571216123
2025-08-06T13:30:00-04:00,318.55,319.75,317.89,319.59,311.381688173405,316.1622638708426,318.5625248091672,313.762002932518,632732,914882.0666666667,1.6394104808793493,1.7675079819289863,0.12809750104963702,66.33782133151561,53.14930420543427,NaN,NaN,NaN,NaN,3.7034367277925573,23.614000334590763
2025-08-06T14:30:00-04:00,319.58,320.47,318.83,319.3,312.955350538724,316.6322192190772,319.14647452659165,314.1179639115627,845529,913562.4,1.555409612512313,2.072359516690028,0.5169499041777152,65.51284974304332,54.43586789689075,NaN,NaN,NaN,NaN,3.556048390093092,24.113830814434415
2025-08-06T15:30:00-04:00,319.27,320.13,318.42,319.97,313.2632804309792,316.9255288369243,319.46196458579277,314.3890930880558,689215,889826.8333333334,1.4592672546651833,2.3410339725091944,0.8817667178440112,66.54790283120212,55.75500184293896,NaN,NaN,NaN,NaN,3.424187790800727,24.38829957820429
2025-08-07T09:30:00-04:00,319.79,322.39,318.17,319.3,314.7866243447834,319.9533333333333,319.9533333333333,319.9533333333333,1710200,920505.2666666667,1.2717131529292185,2.4714081590055343,1.1996950060763159,64.46432634227136,57.10761035256354,NaN,NaN,NaN,NaN,3.4810315200292443,25.197299595742262
2025-08-07T10:30:00-04:00,319.32,320.29,317.62,317.82,314.7866243447834,319.45237409807027,320.1147136825394,318.79003451360114,978341,930305.0333333333,0.9821050377860805,2.4273263033089165,1.445221265522836,59.99576938853647,58.27107346210551,NaN,NaN,NaN,NaN,3.423100697170014,25.68244219087991
2025-08-07T11:30:00-04:00,317.94,320.97,317.68,320.81,314.7866243447834,319.5243952300186,320.13598297902115,318.9128074810161,655036,865438.2666666667,0.9267397213290194,2.60364591718411,1.6769061958550908,65.23832137184054,59.78791348040159,NaN,NaN,NaN,NaN,3.4135935045150143,26.30420634211702
2025-08-07T12:30:00-04:00,320.78,321.15,317.98,318.42,314.7866243447834,319.465582620223,320.03666940990837,318.89449583053766,696705,849555.0333333333,0.6756443358026603,2.521461615608416,1.845817279805756,58.62484335106098,60.6525408883252,NaN,NaN,NaN,NaN,3.396193968478225,26.928193533935165
2025-08-07T13:30:00-04:00,318.41,318.85,316.16,317.33,314.7866243447834,319.1407560974765,320.04847417585484,318.2330380190982,774688,841983.0333333333,0.396455002782899,2.3413860332843797,1.9449310305014806,55.84436343809415,61.115431679384606,NaN,NaN,NaN,NaN,3.3457515421583515,26.56465808362461
2025-08-07T14:30:00-04:00,317.33,319.14,316.69,318.92,314.7866243447834,319.0529752621377,319.95477369215047,318.1511768321249,526370,828529.5333333333,0.28442023180524423,2.3004563202580357,2.0160360884527915,58.906119130915336,61.72698034606267,NaN,NaN,NaN,NaN,3.28176928914704,26.319199134142586
2025-08-07T15:30:00-04:00,318.92,322.36,318.84,322.31,314.8432558922389,319.3422543219866,320.4516885967435,318.2328200472297,845379,828924.9666666667,0.3972512934480976,2.5126002052629133,2.1153489118148157,64.550112585595,62.91477327841965,NaN,NaN,NaN,NaN,3.2987857684936825,26.996019697491906
2025-08-08T09:30:00-04:00,321.46,333.93,320.98,331.8,321.4416047137911,328.90333333333336,328.90333333333336,328.90333333333336,3491089,920492.6666666666,1.0334914451408999,3.4072132182409405,2.3737217731000406,74.93037578528175,63.92156320903782,NaN,NaN,NaN,NaN,3.988158213601276,29.410097941910152
2025-08-08T10:30:00-04:00,331.81,335,330.96,333.19,322.9892837710329,330.2932250013109,332.25067706997976,328.335772932642,1760113,957440.0333333333,1.4451629012887706,4.180175399711004,2.7350124984222335,76.03716513496094,64.62575836719422,NaN,NaN,NaN,NaN,3.9918611983440435,31.75628352291504
2025-08-08T11:30:00-04:00,333.18,333.35,329.91,330.32,322.9892837710329,330.42215727172,332.2612341673761,328.5830803760639,877944,922199.3,1.4193414852598858,4.5091893549970905,3.0898478697372047,69.2400261483672,65.07606112549789,NaN,NaN,NaN,NaN,3.9524425413194684,33.49502317649682
2025-08-08T12:30:00-04:00,330.31,331.75,328.53,328.68,322.9892837710329,330.3188111107236,332.0498047086586,328.58781751278855,951833,908975.1,1.1959223740397027,4.584750837286833,3.3888284632471306,65.62969329877664,65.13283499153296,NaN,NaN,NaN,NaN,3.900125216939508,34.54115614126558
2025-08-08T13:30:00-04:00,328.7,330.445,328.2,329.52,322.9892837710329,330.2362492859707,331.909712003724,328.5627865682174,689477,907716.6333333333,1.0159069118369692,4.658712103043342,3.642805191206373,66.59059482798503,65.15089024128078,NaN,NaN,NaN,NaN,3.781901987158115,35.375447676435236
2025-08-08T14:30:00-04:00,329.53,330.88,328.47,328.63,322.9892837710329,330.1557742339082,331.77423910230016,328.5373093655162,754218,911394.9,0.7598127082066224,4.592571076464651,3.8327583682580286,64.53202237623626,65.0808311436517,NaN,NaN,NaN,NaN,3.6839089880753906,36.2195331171883
2025-08-08T15:30:00-04:00,328.62,329.72,327.23,329.7,322.9892837710329,330.04731311291806,331.6355192011789,328.4591070246572,794340,919905.5333333333,0.5928095588957363,4.573770316877699,3.9809607579819626,65.8969962823696,65.0343378187351,NaN,NaN,NaN,NaN,3.598629774641435,36.45096028682767
2025-08-11T09:30:00-04:00,334.995,343.26,334.2,341.35,329.76647720487364,339.60333333333335,339.60333333333335,339.60333333333335,2922805,1000092.8666666667,1.1642412877914454,5.43626236772127,4.272021079929824,76.50090350068385,65.89409333005027,NaN,NaN,NaN,NaN,4.310156219309904,38.317220850672214
2025-08-11T10:30:00-04:00,341.36,344.3,340.3,344.07,331.5051817638989,340.6693889301771,342.2079905223342,339.13078733801996,1403160,1032828.5666666667,1.5960090177228077,6.2670323520833335,4.671023334360526,78.20486767258922,67.1947432074826,NaN,NaN,NaN,NaN,4.28800220364491,40.13202541966194
2025-08-11T11:30:00-04:00,344.03,346.45,343.42,346.38,334.69914541111916,341.83511420742747,344.27664984456646,339.39357857028847,1408017,1031964.6333333333,1.8878012114232323,7.030774848639567,5.142973637216334,79.56039873137796,68.21774873316386,NaN,NaN,NaN,NaN,4.1981449033845575,41.98256928640935
2025-08-11T12:30:00-04:00,346.4,346.64,342.23,342.39,335.03431632889533,342.10707868356513,344.465819191671,339.74833817545925,947265,1038114.1333333333,1.6702092589583302,7.230735210914247,5.560525951955917,71.31049274889965,69.12386654729518,NaN,NaN,NaN,NaN,4.2132774102856585,43.26629256536288
2025-08-11T13:30:00-04:00,342.39,343.3,341.61,342.15,335.03431632889533,342.1316717282886,344.3707507608435,339.8925926957337,741275,1048706.0666666667,1.3802612163561268,7.285852472401075,5.905591256044948,70.83469638974336,70.19460461527012,NaN,NaN,NaN,NaN,4.033043309550968,44.22812222224187
2025-08-11T14:30:00-04:00,342.17,344.08,340.65,341.945,335.03431632889533,342.14188718906087,344.2550749503888,340.02869942773293,912308,1063563.4,1.0592490574593239,7.229652577869103,6.17040352040978,70.40259699363229,71.0157816054642,NaN,NaN,NaN,NaN,3.989968787440185,44.757353920052864
2025-08-11T15:30:00-04:00,342.01,342.08,338.8,339.23,335.03431632889533,341.9565485814511,344.0608901062114,339.8522070566908,804615,1071368.6666666667,0.572997921049442,6.886650921721582,6.31365300067214,64.76757141834224,71.03131437923186,NaN,NaN,NaN,NaN,3.939256731194455,44.564304047978545
2025-08-12T09:30:00-04:00,345.12,345.24,332.96,334.97,335.03431632889533,337.72333333333336,337.72333333333336,337.72333333333336,2349092,1136196.3666666667,-0.09123598595804783,6.1996080182245805,6.290844004182628,57.05146104467216,69.75424904061688,NaN,NaN,NaN,NaN,4.53502410753771,42.59065048981462
2025-08-12T10:30:00-04:00,335,338.18,333.12,337.3,335.03431632889533,337.24461569419867,337.951776184431,336.5374552039663,1076522,1160837.6666666667,-0.4114394566515198,5.776544683368229,6.187984140019749,59.867678019262065,68.59928567520983,NaN,NaN,NaN,NaN,4.572522385570731,40.75797218580526
2025-08-12T11:30:00-04:00,337.31,339.01,336.25,338.08,335.03431632889533,337.33594263506353,338.0107214049031,336.66116386522395,704528,1121242.7,-0.5972053449655945,5.441477458812756,6.03868280377835,60.7944828096223,67.99603257958519,NaN,NaN,NaN,NaN,4.443056500887107,39.22425242101147
2025-08-12T12:30:00-04:00,337.99,340.08,337.64,338.79,335.03431632889533,337.55702913340536,338.3762716716217,336.73778659518905,713576,1101335.7333333334,-0.692076290987842,5.173587440043548,5.86566373103139,61.66237858765159,67.71265295736198,NaN,NaN,NaN,NaN,4.2999810365380275,38.01821037461706
2025-08-12T13:30:00-04:00,338.79,339.67,337.02,339.43,335.03431632889533,337.666912283211,338.516182585048,336.817641981374,511893,1091026,-0.7278926109594295,4.955797967332103,5.683690578291532,62.468903796702456,67.4182464551275,NaN,NaN,NaN,NaN,4.182125248213885,36.69676346729307
2025-08-12T14:30:00-04:00,339.51,341.45,338.94,340.89,335.03431632889533,337.9622550050766,339.1335442356963,336.7909657744569,641833,1093669.9333333333,-0.6708275858956769,4.845156095921936,5.515983681817613,64.3133101666978,67.40262415444619,NaN,NaN,NaN,NaN,4.062687730484321,35.852365928048656
2025-08-12T15:30:00-04:00,340.9,342.5,340.4,340.765,334.261362450493,338.26825093702445,339.7334659245571,336.8030359494918,621380,1093291.5333333334,-0.6581598214720632,4.693283904977534,5.351443726449597,64.02321221344903,67.26878243523757,NaN,NaN,NaN,NaN,3.922495749735443,35.2859857051257
2025-08-13T09:30:00-04:00,341.59,348.98,340.24,345.08,337.7926323856497,344.76666666666665,344.76666666666665,344.76666666666665,2063018,1133874.5,-0.38913295832781625,4.865027528539827,5.254160486867643,69.1896978817913,66.74655346245954,NaN,NaN,NaN,NaN,4.2666031961829125,35.85343500178259
2025-08-13T10:30:00-04:00,345.1,345.57,338.55,340.77,337.7926323856497,343.7087008146263,345.1916689459318,342.2257326833208,1049984,1145900.1333333333,-0.5230684490201352,4.600324925592474,5.1233933746126095,59.931819691521426,65.44133574952612,NaN,NaN,NaN,NaN,4.46327439645556,35.80445925814163
2025-08-13T11:30:00-04:00,340.85,342.32,340.22,341.365,337.7926323856497,343.3464822896492,344.96169820674385,341.73126637255456,551437,1107274.7,-0.5883339968523318,4.387975878547195,4.976309875399527,60.713338671931226,64.09511717385136,NaN,NaN,NaN,NaN,4.294469082423018,35.758981781903586
2025-08-13T12:30:00-04:00,341.3,341.63,339.25,341.5,337.7926323856497,343.0461822715414,344.77204233772187,341.3203222053609,488462,1090945.4,-0.6351524201636529,4.182369350194961,4.8175217703586135,60.89968534736137,63.351488073741486,NaN,NaN,NaN,NaN,4.157721290821374,35.368047243090025
2025-08-13T13:30:00-04:00,341.48,341.81,338.2,340.23,337.7926323856497,342.6171619653889,344.52406301594294,340.71026091483486,702233,1092518.6333333333,-0.7561704209118973,3.872308744218742,4.628479165130639,58.10738277408684,62.442394244051734,NaN,NaN,NaN,NaN,4.118598341476991,34.62904817430051
2025-08-13T14:30:00-04:00,340.25,341.46,339.22,340.72,337.7926323856497,342.4207298980485,344.34113750971795,340.500322286379,488062,1085563.8666666667,-0.8033087620750141,3.6243432125368713,4.427651974611885,58.89057058405809,61.62010664336786,NaN,NaN,NaN,NaN,3.9844127456572025,33.94283475328167
2025-08-13T15:30:00-04:00,340.78,341.25,339.2,339.34,337.7926323856497,342.2604943353903,344.2160342667745,340.30495440400614,367377,1071986.8333333333,-0.9191778223384137,3.2786796966888687,4.197857519027282,55.73055321651813,60.97460534323756,NaN,NaN,NaN,NaN,3.8462404066816887,33.297673400189396
2025-08-14T09:30:00-04:00,335.69,338.38,334.82,337.19,337.7926323856497,336.7966666666667,336.7966666666667,336.7966666666667,1405394,1101287.6333333333,-1.119096527147009,2.798986860093521,3.91808338724053,51.127535726320595,60.55146782049817,NaN,NaN,NaN,NaN,3.8943660919187093,31.14823817811042
2025-08-14T10:30:00-04:00,337.2,340.45,331.28,332.51,337.7926323856497,335.77347641378645,336.7984748161286,334.7484780114443,1400440,1119789.6666666667,-1.5201238940916038,2.0179285196260253,3.538052413717629,42.834155827949004,59.33478766397581,NaN,NaN,NaN,NaN,4.271197085353088,29.662856019637836
2025-08-14T11:30:00-04:00,332.53,333.29,330.4,331.45,337.7926323856497,334.60012335492837,336.6334023001962,332.5668444096605,1140448,1041434.9666666667,-1.7916951442352738,1.298433483423537,3.0901286276588107,41.20388570963261,57.935459299690834,NaN,NaN,NaN,NaN,4.1725401506850135,28.50112713161514
2025-08-14T12:30:00-04:00,331.47,334.13,330.86,333.96,333.11010590851976,334.34582543692125,336.30297848568,332.3886723881625,736541,1007315.9,-1.7359768991816824,0.9201575036817076,2.65613440286339,46.40554338587575,56.845685356706845,NaN,NaN,NaN,NaN,4.108072997064654,27.14903333007564
2025-08-14T13:30:00-04:00,333.99,334.57,332.77,332.96,333.0515819041038,334.23322727020013,336.0900663738276,332.37638816657267,659184,1000023.9,-1.698084139160053,0.5335292289133235,2.2316133680733765,44.708495264328484,55.577084747251554,NaN,NaN,NaN,NaN,3.9432106401314653,25.74730962169603
2025-08-14T14:30:00-04:00,333,334.87,332.96,334.37,333.0515819041038,334.2174285363304,335.98468490077687,332.4501721718839,559803,986956.2333333333,-1.515679601873837,0.3370138657310804,1.8526934676049174,47.61730889759388,54.38451322802985,NaN,NaN,NaN,NaN,3.797981308693505,24.341784510060176
2025-08-14T15:30:00-04:00,334.38,336.03,334.01,335.58,333.0515819041038,334.3040223231603,336.01515263932606,332.5928920069946,566181,982846.3666666667,-1.2615688218706924,0.27573244026655175,1.5373012621372442,50.04603421965308,53.386143371330135,NaN,NaN,NaN,NaN,3.6709826437868247,22.632527979939937
2025-08-15T09:30:00-04:00,337.65,339.31,331.86,332.88,333.0515819041038,334.68333333333334,334.68333333333334,334.68333333333334,1555027,1009540,-1.2224865600921444,0.009193062022063714,1.2316796221142081,45.029011318601505,51.66038004538801,NaN,NaN,NaN,NaN,3.940912454944908,21.988658236784946
2025-08-15T10:30:00-04:00,332.92,333.79,331.88,332.94,333.0515819041038,334.0752025573353,334.93131047484906,333.2190946398215,784648,1009216.9333333333,-1.1413057181940596,-0.1949525256283664,0.9463531925656932,45.16057664997853,50.60529125670637,NaN,NaN,NaN,NaN,3.795847279591702,21.390779189569596
2025-08-15T11:30:00-04:00,332.89,333.56,327.02,327.91,329.561265523283,332.36636744833925,334.6822301585102,330.0505047381683,1393218,958230.7,-1.3602245779771562,-0.7539275299057522,0.606297048071404,37.13626851633061,48.92121481702062,NaN,NaN,NaN,NaN,3.991858188192296,20.461496226851462
2025-08-15T12:30:00-04:00,327.97,331.42,327.95,330.88,329.5104534954684,331.92168013197977,334.18796926767936,329.6553909962802,902969,941557.6666666666,-1.2421224910008901,-0.9463560656797085,0.2957664253211815,43.517905015496744,47.67965907903029,NaN,NaN,NaN,NaN,3.95743974617856,19.598590618613198
2025-08-15T13:30:00-04:00,330.87,331.69,329.33,329.83,329.5104534954684,331.7452176249535,333.9454086377798,329.54502661212723,559590,913276.7666666667,-1.1726892704648024,-1.1700951627598215,0.002594107704980919,41.898527159290325,46.52188367797339,NaN,NaN,NaN,NaN,3.843336907165807,18.701932944772164
2025-08-15T14:30:00-04:00,329.81,330.11,327.99,329.07,329.5104534954684,331.4506714479678,333.6902347110805,329.2111081848551,639222,903008.6666666666,-1.1162206381290742,-1.3926816899563619,-0.27646105182728764,40.71747248031208,45.22380524199154,NaN,NaN,NaN,NaN,3.720241413796821,18.279564375229217
2025-08-15T15:30:00-04:00,329.075,330.66,328.59,330.63,329.5104534954684,331.30064996440893,333.47136286422744,329.1299370645904,652912,900063.2333333333,-0.9202370648490806,-1.4267573828886384,-0.5065203180395578,44.19476991640094,44.3998207205546,NaN,NaN,NaN,NaN,3.602367027097052,17.673186555672373
2025-08-18T09:30:00-04:00,329.66,334.26,329.59,333.71,329.5104534954684,332.52,332.52,332.52,1545318,921163.5666666667,-0.5479817567791241,-1.191497514013463,-0.6435157572343388,50.38287305185489,44.346630529521335,NaN,NaN,NaN,NaN,3.678626525161549,16.949173496208942
2025-08-18T10:30:00-04:00,333.67,333.97,331.8,332.99,329.5104534954684,332.6221896122179,332.79664054537267,332.4477386790631,530255,912018.2333333333,-0.32601513990372355,-1.0510346821139933,-0.7250195422102698,49.014594505140906,44.78809043503504,NaN,NaN,NaN,NaN,3.5708674876500104,16.27687565527861
2025-08-18T11:30:00-04:00,333.05,335.34,332.7,334.84,329.5104534954684,332.96476967439423,333.65710906936044,332.272430279428,535202,851555.2333333333,-0.04512796947099629,-0.7814295040490151,-0.7363015345780188,52.57822990566054,45.60054359189417,NaN,NaN,NaN,NaN,3.5043769528178657,16.082679849553987
2025-08-18T12:30:00-04:00,334.9,335.28,333.17,334.75,328.1014119167451,333.1529159860572,333.9598432226882,332.3459887494262,393885,828800.6666666666,0.13426148079713618,-0.5684746835815986,-0.7027361643787348,52.38639775871607,46.027747475668484,NaN,NaN,NaN,NaN,3.404778599045158,15.902355172809695
2025-08-18T13:30:00-04:00,334.79,335.75,333.66,334.22,328.96212953339614,333.29938742295184,334.1738824937098,332.42489235219387,353791,817109.4333333333,0.21224445384086743,-0.4374305970776504,-0.6496750509185178,51.20167258170313,46.49154585548096,NaN,NaN,NaN,NaN,3.3108658419705015,15.890845917474895
2025-08-18T14:30:00-04:00,334.23,336.26,334.05,334.84,329.7247036267169,333.51449078239494,334.5150249263171,332.5139566384728,470472,809005.9666666667,0.2954863805698553,-0.28031707520619875,-0.5758034557760541,52.55344708481703,46.84412715456832,NaN,NaN,NaN,NaN,3.2322325675440355,16.05268702177077
2025-08-18T15:30:00-04:00,334.85,335.33,333.87,335.155,329.7247036267169,333.6205912615045,334.6408919334935,332.6002905895155,348890,803572.5333333333,0.35752297753956574,-0.12889973385159692,-0.48642271139116267,53.26184042347662,47.073827597698575,NaN,NaN,NaN,NaN,3.1056445270051745,16.112001061799788
2025-08-19T09:30:00-04:00,335.85,340.55,333.3,338.78,332.15841032109887,337.54333333333335,337.54333333333335,337.54333333333335,1975369,848023.7333333333,0.6134380237591178,0.2803748183077346,-0.33306320545138324,60.55965250776184,48.183159111210024,NaN,NaN,NaN,NaN,3.401669917933376,17.662249019128378
2025-08-19T10:30:00-04:00,338.83,339.25,330.65,332.18,332.15841032109887,336.06619896616775,337.8019014903822,334.3304964419533,1430664,874999.8666666667,0.3235230744388574,0.07134063759718856,-0.25218243684166886,46.36482042822279,48.269176523941766,NaN,NaN,NaN,NaN,3.772979209509565,17.910421484037485
2025-08-19T11:30:00-04:00,332.14,333.99,331.92,333.16,332.15841032109887,335.61227701261515,337.54577775897656,333.67877626625375,597183,826138.7,0.18969079631282632,-0.015068941450635975,-0.2047597377634623,48.30250554563834,49.06676488317803,NaN,NaN,NaN,NaN,3.6513378374017385,18.140867344310223
2025-08-19T12:30:00-04:00,333.13,333.37,327.85,329.72,332.15841032109887,334.6548883533446,337.34180839241844,331.9679683142707,882779,820565.2,-0.12180259593516615,-0.35701298268242,-0.23521038674725384,42.49854353047115,48.993953348533346,NaN,NaN,NaN,NaN,3.7848137061587557,16.869780877980183
2025-08-19T13:30:00-04:00,329.62,330.87,329,329.72,332.15841032109887,334.25417551592653,337.14817680324654,331.3601742286065,445901,817047.3333333334,-0.30851115801998596,-0.6208493342722363,-0.31233817625225035,42.49854353047115,49.03681166076054,NaN,NaN,NaN,NaN,3.6480412985759876,15.68948630210229
2025-08-19T14:30:00-04:00,329.64,330.22,327.99,329.94,332.15841032109887,333.8422725532411,336.92507013514586,330.7594749713364,492544,817183.4,-0.39247638932219236,-0.8029336629049908,-0.41045727358279843,43.00648532305178,49.20031257809909,NaN,NaN,NaN,NaN,3.5467526343919897,14.9391602027549
2025-08-19T15:30:00-04:00,329.92,330.58,329.04,329.32,332.15841032109887,333.6011430779772,336.74931546466354,330.4529706912909,355153,805614.0666666667,-0.46035479971390725,-0.9859007732251825,-0.5255459735112753,41.88360656662515,49.03522948168653,NaN,NaN,NaN,NaN,3.4034131605068447,14.104944377781445
2025-08-20T09:30:00-04:00,329.23,331.37,316.66,317.32,332.15841032109887,321.7833333333333,321.7833333333333,321.7833333333333,2275020,865179.3333333334,-1.2397877765122267,-2.0752806941515587,-0.835492917639332,27.12285312273862,47.37379948674965,NaN,NaN,NaN,NaN,4.211026506184926,16.121552376126456
2025-08-20T10:30:00-04:00,317.36,320.4,314.6,320.03,332.15841032109887,320.4779804295732,322.1472520628306,318.80870879631584,1391192,899306.5,-1.4827666439520244,-2.6889512225793624,-1.206184578627338,32.87611652299478,46.221051059453494,NaN,NaN,NaN,NaN,4.324524612886,18.272130161983952
2025-08-20T11:30:00-04:00,320,322.08,317.49,321.76,332.15841032109887,320.4713210571577,321.9716806578329,318.9709614564825,872335,881537.8666666667,-1.4359309001811358,-3.0010982038537577,-1.565167303672622,36.3315962791094,45.06057722898555,NaN,NaN,NaN,NaN,4.343487140536999,19.684544781546904
2025-08-20T12:30:00-04:00,321.77,322.36,320.07,321.06,328.2367282568791,320.5422099547015,321.9790508956926,319.1053690137104,517985,852122.7,-1.361704325922814,-3.2672977110761394,-1.9055933851533253,35.53448684967583,43.85686930691126,NaN,NaN,NaN,NaN,4.1968094876415005,20.89801014554398
2025-08-20T13:30:00-04:00,321.06,324.06,319.58,319.83,324.14438260550327,320.61461321557454,321.97861129268045,319.2506151384686,675412,836621.5,-1.3049205516598352,-3.5367440747281194,-2.231823523068284,34.11801177552516,42.63660782075568,NaN,NaN,NaN,NaN,4.217037381381394,21.42875604805397
2025-08-20T14:30:00-04:00,319.81,323.67,319.8,322.99,322.8737151152141,320.7458556528004,322.11936366347504,319.37234764212576,534484,829886.2666666667,-0.9789125637332647,-3.455464227734865,-2.4765516640016,40.66221630400838,41.78723419355507,NaN,NaN,NaN,NaN,4.19224899699701,21.9215915289561
2025-08-20T15:30:00-04:00,322.94,324.77,322.65,323.94,322.8737151152141,320.9598130169516,322.4955899875364,319.42403604636684,474290,823723.1333333333,-0.6400558291425491,-3.2766214504297864,-2.6365656212872373,42.51104134611583,41.019319973743585,NaN,NaN,NaN,NaN,4.044231211497224,21.97764184811855
2025-08-21T09:30:00-04:00,322.11,324.9,319.66,324.19,322.8737151152141,322.9166666666667,322.9166666666667,322.9166666666667,1320175,849068.8666666667,-0.3541227269935763,-3.0792190300292077,-2.7250963030356314,43.01423133413211,39.7660756041986,NaN,NaN,NaN,NaN,4.129643267818848,22.657248980079277
2025-08-21T10:30:00-04:00,324.27,324.27,321.11,321.87,322.8737151152141,322.7625202485275,322.99341436026856,322.53162613678643,588400,849809.5,-0.2795544967394985,-3.0745394239600046,-2.794984927220506,39.55425287739434,39.27960649342514,NaN,NaN,NaN,NaN,4.0603830344032135,23.28831274547138
2025-08-21T11:30:00-04:00,321.89,323.19,320.04,320.21,317.84997209217136,322.44406703031166,323.11932004871795,321.76881401190536,468469,813590.9,-0.2986178438534508,-3.1682572320373197,-2.869639388183869,37.24568834175696,38.48983383600504,NaN,NaN,NaN,NaN,3.9953556748029824,24.0947525411434
2025-08-21T12:30:00-04:00,320.2,321.06,318.68,319.41,314.7076618041301,322.001838270853,323.1819244810545,320.8217520606515,460008,802769.5666666667,-0.3198045162066263,-3.2693950334421515,-2.9495905172355252,36.15064461378654,38.03641248481328,NaN,NaN,NaN,NaN,3.8799731266027693,25.11501242037394
2025-08-21T13:30:00-04:00,319.3,321.31,319.17,320.5,314.7076618041301,321.7978850861006,323.0320296512724,320.56374052092883,393297,769438.8666666667,-0.2198671235124685,-3.224424421626111,-3.0045572981136424,38.791172228470515,37.771600248956084,NaN,NaN,NaN,NaN,3.755689331845428,25.950035834773832
2025-08-21T14:30:00-04:00,320.56,322.59,320.14,322.04,314.7975288159819,321.7730795767756,322.9332138482139,320.61294530533735,437681,753929.2666666667,-0.020031326306477304,-3.0295964559967388,-3.0095651296902615,42.41464617157539,37.729326023850625,NaN,NaN,NaN,NaN,3.6624258081421823,26.14904444878793
2025-08-21T15:30:00-04:00,322.04,322.1,320,320.13,314.81602305278557,321.67796571211676,322.8227325612207,320.53319886301284,373281,747718.9666666667,0.011817848064904268,-2.994792819609131,-3.0066106676740354,39.306690013554686,37.54526055577417,NaN,NaN,NaN,NaN,3.550823964703457,26.368958903545636
2025-08-22T09:30:00-04:00,321.67,337.45,319.69,334.72,322.74281844222844,330.62,330.62000381469727,330.61999618530274,2935188,824251.1666666666,0.9896711930617328,-1.7695216763468693,-2.759192869408602,62.13269937188952,40.04596385928495,NaN,NaN,NaN,NaN,4.565765110081781,26.541716257816677
2025-08-22T10:30:00-04:00,334.81,337.7,334.63,335.53,324.3992547537827,332.37370208186127,334.8792173538235,329.86818680989904,1437982,850420.1666666666,1.6275378686431008,-0.7247705336047261,-2.352308402247827,62.96544190142928,42.195201386315986,NaN,NaN,NaN,NaN,4.458924745075939,26.7418735458702
2025-08-22T11:30:00-04:00,335.53,336.33,333.76,335.13,324.4044038030262,332.8245546527511,335.32317050705194,330.32593879845024,876767,828135.1333333333,1.9379406000735215,0.07011734784407508,-1.8678232522294465,62.23756382563672,44.04562763963936,NaN,NaN,NaN,NaN,4.324001548999086,26.664921451972802
2025-08-22T12:30:00-04:00,335.09,338.32,335.08,338.02,327.159523042421,333.5631327744328,336.35891329005676,330.76735225880884,1084046,846594.8333333334,2.232366606570557,0.92263500598375,-1.3097316005868072,65.35382739203601,46.175580535522236,NaN,NaN,NaN,NaN,4.246572866927724,26.94116320785899
2025-08-22T13:30:00-04:00,338.02,338.75,337.13,338.31,329.01161843393675,334.0356031938451,337.01867865089656,331.0525277367936,743004,853521.5666666667,2.330330472639883,1.6031814902130463,-0.7271489824268365,65.66006497303124,48.4285843353441,NaN,NaN,NaN,NaN,4.0589605192900295,27.272150083694086
2025-08-22T14:30:00-04:00,338.34,339.57,338.03,338.52,331.0092947471494,334.6024628136687,337.7876370566326,331.4172885707048,977451,872973.7666666667,2.289603539826325,2.13485544235607,-0.1547480974702552,65.89515020207492,50.23093675663456,NaN,NaN,NaN,NaN,3.8790347679121715,27.725644660109268
2025-08-22T15:30:00-04:00,338.51,340.22,337.34,339.97,331.93143579771953,335.0554699617172,338.37322844417184,331.7377114792626,885354,890692.5333333333,2.2379983078038617,2.642749787284572,0.4047514794807102,67.54715766116513,52.019230779138084,NaN,NaN,NaN,NaN,3.8076751416327346,27.89494085390496
2025-08-25T09:30:00-04:00,338.92,342.15,335.02,340.75,331.9541486381756,339.3066666666667,339.3066666666667,339.3066666666667,1761627,933731.0333333333,2.134421314519328,3.0727781226298703,0.9383568081105422,68.43296830188865,53.83485484826355,NaN,NaN,NaN,NaN,4.044984060087539,27.241830595462567
2025-08-25T10:30:00-04:00,340.77,343.44,339.61,343.39,333.3683189105405,340.26011045276533,341.6012761022247,338.918944803306,890306,951778.2333333333,2.1175351820529604,3.5852757856767425,1.4677406036237823,71.28940350115224,56.10165132138911,NaN,NaN,NaN,NaN,4.029628055795571,26.923367688726906
2025-08-25T11:30:00-04:00,343.4,346.42,343.15,345.81,336.7276551284324,341.64255949170297,344.1132597260409,339.17185925736504,1052253,921007.7,2.1370042235800604,4.138995883098858,2.001991659518797,73.643749952838,58.70151286503775,NaN,NaN,NaN,NaN,3.975368908953033,27.233743044675503
2025-08-25T12:30:00-04:00,345.725,348.7,344.7,348.35,338.9461241027459,342.69420026068644,345.8167936556773,339.57160686569557,855058,901820.8333333334,2.181026839282694,4.728275208622165,2.5472483693394707,75.87947289785694,61.53928631389993,NaN,NaN,NaN,NaN,3.977128272599245,27.929556137663496
2025-08-25T13:30:00-04:00,348.35,348.68,346.08,346.82,339.57689928219673,343.2523324661432,346.5296173829135,339.97504754937285,645689,903437.7,1.9734225282567763,5.014026529660441,3.040604001403665,71.9218223405008,63.90576132190209,NaN,NaN,NaN,NaN,3.878761967413586,28.575668295438067
2025-08-25T14:30:00-04:00,346.9,349.54,346.28,348.505,340.6275194257574,343.8705822996527,347.3336919404863,340.40747265881913,759353,899323.5,1.819662255464391,5.3151818207341535,3.4955195652697624,73.55753933086734,66.13025369042295,NaN,NaN,NaN,NaN,3.8345646840269048,29.33340452237762
2025-08-25T15:30:00-04:00,348.49,348.7,346.5,346.68,340.6275194257574,344.1501247292289,347.59864433911247,340.7016051193453,530436,902141.3333333334,1.479563371921004,5.344973780171017,3.865410408250013,68.8773509939762,68.24244376045306,NaN,NaN,NaN,NaN,3.7178100637392677,30.037016733107215
2025-08-26T09:30:00-04:00,344.93,349.13,344.29,346.109,340.6275194257574,346.50966666666665,346.50966666666665,346.50966666666665,1758562,944341.9333333333,1.1171547288176393,5.261853819272062,4.144699090454423,67.43171724029676,68.62094503676785,NaN,NaN,NaN,NaN,3.79796648775789,29.75014642294082
2025-08-26T10:30:00-04:00,346.04,347.78,345.15,347.07,340.6275194257574,346.5588085087709,346.6316120014881,346.48600501605364,801228,959211.1,0.8549832599218012,5.2134281653566745,4.358444905434873,68.62524930331793,69.02521699404562,NaN,NaN,NaN,NaN,3.7145403100608974,29.483766849214888
2025-08-26T11:30:00-04:00,347.02,347.1,343.72,346.28,340.6275194257574,346.35234849991485,346.7247864232872,345.9799105765425,810141,910381.8,0.5556885623803556,5.053055608410318,4.497367046029963,66.46877016695396,69.32744601842542,NaN,NaN,NaN,NaN,3.6906445736279756,28.639901374790217
2025-08-26T12:30:00-04:00,346.3,347.28,345.72,347.11,340.6275194257574,346.39912050925267,346.7658005428609,346.0324404756444,518119,881279.3666666667,0.35093335567322725,4.936033740621497,4.585100384948269,67.62003025472674,69.48931765147476,NaN,NaN,NaN,NaN,3.538455675511688,27.90866901041974
2025-08-26T13:30:00-04:00,347.12,347.19,345.08,346.92,340.6275194257574,346.39885677322985,346.74527248503085,346.05244106142885,468205,867808.3666666667,0.15027341136613437,4.772942149155938,4.6226687377898035,67.05248689327331,69.58877636006348,NaN,NaN,NaN,NaN,3.4364231272608543,26.950856597051377
2025-08-26T14:30:00-04:00,346.94,350,346.91,349.75,342.7574693538766,346.8577251525422,347.8720656445976,345.8433846604867,985217,883382.7666666667,0.15508606527601376,4.8165263193848205,4.661440254108807,70.9618828409034,69.95068583426551,NaN,NaN,NaN,NaN,3.4116786181707917,26.88506014632553
2025-08-26T15:30:00-04:00,349.7,351.9,349.12,351.7,344.71597548310126,347.42095940593015,349.10886683776755,345.73305197409275,863096,889638.9,0.23191965913911528,4.951339828032701,4.719420168893586,73.31173340879434,70.36244124481046,NaN,NaN,NaN,NaN,3.366558716872876,27.29641286643321
2025-08-27T09:30:00-04:00,351.94,355.4,349.78,352.77,346.842780386481,352.6499999999999,352.6499999999999,352.6499999999999,1817906,932419.6333333333,0.2931787029603976,5.0858935475940825,4.792714844633685,74.52971157984226,70.79792290752142,NaN,NaN,NaN,NaN,3.527518808524814,28.4032424667379
2025-08-27T10:30:00-04:00,352.81,354.13,351.2,353.02,346.842780386481,352.6932858194208,352.7557180261421,352.63085361269947,873867,945738.8666666667,0.28846592234321555,5.153297247562705,4.864831325219489,74.81886962073928,71.05002763034908,NaN,NaN,NaN,NaN,3.4848388936301853,29.43101280987796
2025-08-27T11:30:00-04:00,352.98,353.32,349.15,350.67,346.842780386481,352.31961656249075,353.0114803454105,351.627752779571,790159,928071.6666666666,0.07606693388856467,4.959914992580195,4.883848058691631,67.10664811335928,70.58309178467202,NaN,NaN,NaN,NaN,3.533778972656602,29.438437370789224
2025-08-27T12:30:00-04:00,350.66,351.49,350,351.01,346.842780386481,352.14960479922325,352.95440463887627,351.34480495957024,449732,923449.4,-0.08387529640031399,4.779003938191238,4.862879234591552,67.62658732783149,69.99359995824162,NaN,NaN,NaN,NaN,3.387794760323988,29.445331605921112
2025-08-27T13:30:00-04:00,350.97,352.01,350.3,351.35,346.842780386481,352.05692221740077,352.8697532215495,351.24409121325203,435401,922347.1333333333,-0.20236304215663292,4.6099254318957605,4.8122884740523935,68.16844715167856,69.72550173046861,NaN,NaN,NaN,NaN,3.2679522774437015,29.585548626548885
2025-08-27T14:30:00-04:00,351.31,351.8,349.33,349.92,346.842780386481,351.88867912624943,352.81304102977293,350.9643172227259,477506,922930.4,-0.4011526353409174,4.310847679876247,4.712000315217164,63.3646227333997,68.99743625922092,NaN,NaN,NaN,NaN,3.2109556861977246,29.239855324803266
2025-08-27T15:30:00-04:00,349.92,351.1,349.44,349.94,346.842780386481,351.7288228124573,352.74184699335984,350.7157986315547,493641,926275.2,-0.5464030712923975,4.028996476101668,4.575399547394065,63.40346658756178,68.60644451590561,NaN,NaN,NaN,NaN,3.100173137183603,28.91885440175376
2025-08-28T09:30:00-04:00,351,353.55,344.91,345.1,346.842780386481,347.8533333333333,347.8533333333333,347.8533333333333,1529113,962656.2666666667,-0.9593904158769941,3.376161527547822,4.335551943424816,49.67654682616363,67.33821805775324,NaN,NaN,NaN,NaN,3.4958750559562017,27.00536245461619
2025-08-28T10:30:00-04:00,345.12,346.12,341.6,341.945,346.842780386481,345.94587790157897,348.2254198549731,343.66633594818484,1070664,985902.3666666667,-1.4088211804794226,2.574525467825538,3.9833466483049604,43.12258950359648,65.51659950063029,NaN,NaN,NaN,NaN,3.5690268376736145,26.24189924759192
2025-08-28T11:30:00-04:00,341.95,343.25,340.26,343.2,346.842780386481,344.9427126530579,347.49331408320666,342.3921112229092,963770,920188.4333333333,-1.5728871855115254,2.0172376664155536,3.590124851927079,46.165186740654754,64.06634354160892,NaN,NaN,NaN,NaN,3.5276677778397856,25.88826936052201
2025-08-28T12:30:00-04:00,343.17,344.3,342.43,343.43,345.81922430918485,344.7397732622517,347.17528361532214,342.3042629091812,534462,890071.1,-1.6113196539440477,1.5759752844970194,3.187294938441067,46.72762583037195,62.57402893986929,NaN,NaN,NaN,NaN,3.4092629365655154,25.146089378382463
2025-08-28T13:30:00-04:00,343.46,345.2,343.46,344.98,344.96948284630264,344.7195642460574,347.0248708685032,342.4142576236116,478993,876811.9666666667,-1.4810809223930708,1.3359437854497287,2.8170247078427995,50.48221193077522,61.390437871119424,NaN,NaN,NaN,NaN,3.292172726810834,24.10854880045416
2025-08-28T14:30:00-04:00,345.04,346.5,343.68,346.42,344.96948284630264,344.8114003300747,346.9979476265363,342.62485303361314,582234,860084.9,-1.2555939399197156,1.2475322829431548,2.5031262228628703,53.74391460142048,60.16058299687064,NaN,NaN,NaN,NaN,3.2584461034672025,22.6580803853294
2025-08-28T15:30:00-04:00,346.46,346.86,345.8,345.8,344.96948284630264,344.9161118643431,347.0462475575474,342.7859761711388,436649,849873.0666666667,-1.1108302341490308,1.1145884301765818,2.2254186643256126,52.151116875377745,58.64911038734088,NaN,NaN,NaN,NaN,3.101414238933831,21.17738308193334
2025-08-29T09:30:00-04:00,347.21,348.72,337.48,339.7,344.9325862770421,341.9666666666667,341.9666666666667,341.9666666666667,2091797,887017.9333333333,-1.3714400579323835,0.5111185919101331,1.8825586498425166,39.688290333657406,56.16043744118483,NaN,NaN,NaN,NaN,3.6827417932957007,21.973971512234055
2025-08-29T10:30:00-04:00,339.67,340.16,337.7,338.93,344.7760690216337,341.0554955537665,342.4471457070696,339.6638454004634,896725,887396.9666666667,-1.52919462159585,-0.02893462715229589,1.5002599944435542,38.439537006496465,53.56191368302462,NaN,NaN,NaN,NaN,3.595403093774582,22.713660768941864
2025-08-29T11:30:00-04:00,338.93,339.09,334.78,335.87,344.17085521730695,339.71276700974164,342.0711783870259,337.3543556324574,1280904,871372.8666666667,-1.7568688522249667,-0.6958260708376542,1.0610427813873125,33.87766476714181,51.188414872580516,NaN,NaN,NaN,NaN,3.64644572993354,23.942068982940917
2025-08-29T12:30:00-04:00,335.9,336.59,332.67,333.74,340.34528467008573,338.7547867766478,341.7224893657974,335.7870841874982,925041,872530.7,-1.9530776293129843,-1.3803042552539182,0.5727733740590663,31.11003302698539,48.580089565377236,NaN,NaN,NaN,NaN,3.6659853206525703,25.426937097469583
2025-08-29T13:30:00-04:00,333.73,334.4,332.46,332.68,340.34528467008573,338.1186971743891,341.426837770873,334.81055657790523,669032,859756.6666666666,-2.0465425221249447,-1.9854047785971147,0.06113774352783008,29.805076561787757,45.839848808956454,NaN,NaN,NaN,NaN,3.542700654891672,26.839387777273625
2025-08-29T14:30:00-04:00,332.7,333.04,331.71,332.13,340.34528467008573,337.3834812416775,341.0310752245415,333.7358872588135,846918,859485.3333333334,-2.0334984616999634,-2.4807353335971243,-0.44723687189716077,29.122477975790773,43.3939813262701,NaN,NaN,NaN,NaN,3.3846506081136982,28.27517660359799
2025-08-29T15:30:00-04:00,332.14,334.48,332.12,333.86,340.34528467008573,337.0203874055395,340.67391971531345,333.3668550957656,689503,860945.8,-1.80424141617616,-2.7025386421173607,-0.8982972259412008,34.225209435945956,41.30982010115469,NaN,NaN,NaN,NaN,3.311461278962721,28.962055240273255
2025-09-02T09:30:00-04:00,328.24,333.32,325.59,332.77,340.34528467008573,330.56,330.56,330.56,1318346,879578.9,-1.6273378743075502,-2.9324695688256384,-1.3051316945180882,32.63119501967361,40.092294972119696,NaN,NaN,NaN,NaN,3.6656426161796722,30.62558164793928
2025-09-02T10:30:00-04:00,332.76,332.79,327.9,328.42,340.34528467008573,330.2579246528883,330.66722694383583,329.8486223619407,718078,885833.6333333333,-1.6968586221114894,-3.42620497215745,-1.7293463500459605,27.18886732281473,38.95417195920671,NaN,NaN,NaN,NaN,3.7530967150239847,32.17028474077202
2025-09-02T11:30:00-04:00,328.35,329.86,327.04,329.24,337.8882277360686,329.9195796334525,330.6537175335156,329.1854417333894,571205,846255.0666666667,-1.5833841421965964,-3.708576527791706,-2.12519238559511,29.57337043138905,37.76904222283059,NaN,NaN,NaN,NaN,3.6864469496651284,33.720988470292816
2025-09-02T12:30:00-04:00,329.24,330.36,328.45,329.81,330.2645821888549,329.8722694765479,330.5704838535924,329.1740550995034,371287,831923.7,-1.3735058817077315,-3.8420747377297744,-2.468568856022043,31.258619296519598,36.66411318469828,NaN,NaN,NaN,NaN,3.559557881831907,34.93109216342238
2025-09-02T13:30:00-04:00,329.85,330.63,327.95,328.19,329.01866575108386,329.77430704280727,330.4957915368891,329.05282254872543,342927,816349.9,-1.2508359504534403,-4.032113794088843,-2.781277843635403,29.125453199518844,35.13863041817997,NaN,NaN,NaN,NaN,3.496732318843914,36.13237127889217
2025-09-02T14:30:00-04:00,328.2,329.48,327.88,329.3,327.01846149164396,329.6770295240868,330.4121335001975,328.94192554797604,408851,812707.6333333333,-1.0121839405847295,-4.046507769366315,-3.0343238287815852,32.52328190135036,33.62287093960354,NaN,NaN,NaN,NaN,3.3612514389264936,37.259250582776566
2025-09-02T15:30:00-04:00,329.27,329.87,328.94,329.34,327.01846149164396,329.6528030012379,330.3615563258259,328.94404967664985,335406,808281,-0.7793250718383966,-4.008480168579581,-3.2291550967411844,32.64859012481729,32.2298333145635,NaN,NaN,NaN,NaN,3.187590621860316,38.09437924447376
2025-09-03T09:30:00-04:00,335.12,337.31,328.51,336.06,327.7267703355299,333.96,333.96,333.96,1892366,838519.3,-0.1342258446144542,-3.396937402509252,-3.262711557894798,49.586693217004076,32.93686209194541,NaN,NaN,NaN,NaN,3.588477006013151,35.83006735715017
2025-09-03T10:30:00-04:00,336.05,342.52,336.02,340.15,331.60341626842387,336.77268406008864,339.5743290640373,333.97103905614,1907308,873326.3666666667,0.5679059574238021,-2.552829111115045,-3.1207350685388473,56.720749481717576,34.24266298303263,NaN,NaN,NaN,NaN,3.796442934155069,34.16123626099134
2025-09-03T11:30:00-04:00,340.14,343.33,339.33,341.715,332.59673301473913,337.7028015376273,340.8307728291369,334.5748302461177,941050,844097.8333333334,1.10654378947837,-1.737555331690885,-2.844099121169255,59.10544299419748,36.04464714210804,NaN,NaN,NaN,NaN,3.8109827245725643,32.79183069447412
2025-09-03T12:30:00-04:00,341.75,342.56,340.52,341.76,332.9533864117913,338.13407097597496,341.32870113453436,334.9394408174156,587633,834556.7,1.414945597208706,-1.0754171246583724,-2.4903627218670783,59.17509936294524,38.04929473753374,NaN,NaN,NaN,NaN,3.6844839585316684,31.52023981127957
2025-09-03T13:30:00-04:00,341.74,342.01,336.39,336.83,332.9533864117913,338.16720486851364,341.16523727661115,335.1691724604161,727153,832456.5,1.2421551682115868,-0.9376687616025947,-2.1798239298141815,49.27307334595836,39.43986593640307,NaN,NaN,NaN,NaN,3.8227351043508357,29.39423483814492
2025-09-03T14:30:00-04:00,336.8,336.8,334.63,335.63,332.9533864117913,337.86180931099756,340.7851430825168,334.9384755394783,850209,845805.7333333333,1.0120294904365021,-0.9147870667685538,-1.926816557205056,47.20259838172616,40.7313031082556,NaN,NaN,NaN,NaN,3.706825454040061,27.859703497183474
2025-09-03T15:30:00-04:00,335.63,337.13,334.01,334.05,332.9533864117913,337.6230261422022,340.52611154731875,334.71994073708566,644206,852765.9,0.7314734256173991,-1.012474775183307,-1.7439482008007061,44.54828702514866,41.468665793198646,NaN,NaN,NaN,NaN,3.6649093501800567,26.587481864949297
2025-09-04T09:30:00-04:00,336.16,337.63,331.49,333.73,332.9533864117913,334.2833333333334,334.2833333333334,334.2833333333334,1656023,892049.8,0.5127588642242507,-1.102999620520393,-1.6157584847446436,44.00852743081296,42.28133239399432,NaN,NaN,NaN,NaN,3.841701539452909,25.998790083494832
2025-09-04T10:30:00-04:00,333.73,334.96,332.4,334.8,332.9533864117913,334.2067450698449,334.31514035791855,334.0983497817712,826742,903153.1666666666,0.43180860936092635,-1.0759977230434856,-1.507806332404412,46.34932074905452,43.6499362101543,NaN,NaN,NaN,NaN,3.750151429491987,25.452147715001406
2025-09-04T11:30:00-04:00,334.82,336.08,332.87,333.2,332.9533864117913,334.17619013787726,334.29158028428355,334.06079999147096,601162,872221.4666666667,0.27007255745638625,-1.1702156355839293,-1.4402881930403155,43.425776567524466,44.63939379130683,NaN,NaN,NaN,NaN,3.711569184528272,24.5608774186111
2025-09-04T12:30:00-04:00,333.17,335.11,333.06,335.04,332.9533864117913,334.20769297741424,334.3404764500672,334.0749095047613,496587,853085.5666666667,0.2850972176886888,-1.0839166709294545,-1.3690138886181433,47.524997091925705,45.801277919550124,NaN,NaN,NaN,NaN,3.5928856713476818,23.733269286248667
2025-09-04T13:30:00-04:00,335.12,336.33,334.77,335.4,332.9533864117913,334.35287024276346,334.7797049900312,333.92603549549574,453139,836064.5333333333,0.31502451366935835,-0.9752332465314453,-1.2902577602008036,48.31408296529194,47.17189433139106,NaN,NaN,NaN,NaN,3.4476795519657046,22.52716703526793
2025-09-04T14:30:00-04:00,335.41,337.72,335.41,336.88,332.9533864117913,334.63369943906315,335.48924600277303,333.77815287535327,556287,836792.0333333333,0.42348143360345714,-0.7609059681964823,-1.1843874017999394,51.5403197554082,48.53025417810948,NaN,NaN,NaN,NaN,3.367131012539587,20.931074451482043
2025-09-04T15:30:00-04:00,336.86,338.88,336.74,338.63,332.0560203366533,334.96241835567605,336.2616929806774,333.6631437306747,483448,836940.5333333333,0.5917392788825517,-0.4447133031967496,-1.0364525820793014,55.10851798186038,50.13453473932684,NaN,NaN,NaN,NaN,3.2794787973581867,19.8029285101323
2025-09-05T09:30:00-04:00,348.08,355.87,346.24,347.87,341.7908162693227,349.99333333333334,349.99333333333334,349.99333333333334,4262793,959625.8333333334,1.2653044398301705,0.5451779677084119,-0.7201264721217586,68.35696915149222,51.47526873464742,NaN,NaN,NaN,NaN,4.276658883261174,21.84358842070465
2025-09-05T10:30:00-04:00,347.84,349.17,344.7,348.56,341.7908162693227,349.35143451448516,350.448435547814,348.25443348115635,1459531,993721.9,1.6717521276546417,1.3695636874465436,-0.30218844020809815,69.09056033171994,52.35882665250473,NaN,NaN,NaN,NaN,4.290468963028235,23.287075326368782
2025-09-05T11:30:00-04:00,348.6,349.5,345.81,347.77,341.7908162693227,349.1351853375982,350.3006302972452,347.9697403779512,858235,952603.1666666666,1.7912086951224293,1.9368224286949385,0.14561373357250917,67.17048961351688,52.934901411027546,NaN,NaN,NaN,NaN,4.247578322811932,24.667744939613844
2025-09-05T12:30:00-04:00,347.8,353,346.86,352.08,341.7908162693227,349.3446061561846,350.5457509321239,348.14346138024536,1058404,957992.4666666667,2.0459102361629626,2.7030015287762126,0.6570912926132498,71.77850014383948,53.83514432394856,NaN,NaN,NaN,NaN,4.382751299753935,26.359898262216376
2025-09-05T13:30:00-04:00,352.04,352.28,349.25,351.18,341.7908162693227,349.50791492455085,350.7405848690766,348.2752449800251,894004,945095.8,2.034875759089342,3.200685991474927,1.1658102323855852,69.5821733033695,55.285794320906504,NaN,NaN,NaN,NaN,4.286126206914367,27.9311834903473
2025-09-05T14:30:00-04:00,351.15,351.54,347.87,348.8,341.7908162693227,349.49673131327,350.6620776313216,348.3313849952184,1021750,948319.4333333333,1.758773503627614,3.364277111920103,1.605503608292489,64.00474622708754,56.48594773843231,NaN,NaN,NaN,NaN,4.24211719213477,28.926608161509463
2025-09-05T15:30:00-04:00,348.82,351.28,348.04,350.79,341.7908162693227,349.53715485681255,350.66700076750396,348.40730894612113,773226,951792.5666666667,1.6058802266622179,3.6128538916202615,2.0069736649580436,66.42787006201102,58.04877509820819,NaN,NaN,NaN,NaN,4.170537392696568,29.850931070445757
2025-09-08T09:30:00-04:00,354.7,358.48,350.2,352.35,345.6933677280843,353.67666666666673,353.67666666666673,353.67666666666673,1868918,985859.2333333333,1.5071251473720473,3.8908800991731027,2.3837549518010555,68.23321360834822,59.779109825175,NaN,NaN,NaN,NaN,4.464070436075387,31.578397022031474
2025-09-08T10:30:00-04:00,352.38,352.45,347.45,349.28,345.6933677280843,352.20714753996276,354.1163657272657,350.2979293526598,1107209,999782.7666666667,1.1485689194482775,3.819466101111402,2.6708971816631246,61.25245063754067,60.843619102924,NaN,NaN,NaN,NaN,4.502351119212859,32.310269696065106
2025-09-08T11:30:00-04:00,349.28,350.3,346.63,347.99,345.6933677280843,351.4037681088274,353.7237853450151,349.08375087263977,771999,981571.2,0.7569480953958623,3.6170823009079527,2.8601342055120904,58.54218408648126,61.92336249713521,NaN,NaN,NaN,NaN,4.442897467840513,32.738389359762195
2025-09-08T12:30:00-04:00,348.01,348.06,344.84,347.44,345.6933677280843,350.62592426565834,353.3587851522084,347.8930633791083,758064,982904.0666666667,0.4106322671780327,3.373424539484631,2.9627922723065985,57.37650162137388,62.6270413920958,NaN,NaN,NaN,NaN,4.35554764870905,32.59121120652956
2025-09-08T13:30:00-04:00,347.42,347.6,344.9,346.53,345.6933677280843,350.17450752563,353.07463625848425,347.2743787927758,530952,981562.3,0.08695690764704,3.0714884068653987,2.9845314992183587,55.41057464149094,63.13393365468143,NaN,NaN,NaN,NaN,4.237294245229835,32.45454577852783
2025-09-08T14:30:00-04:00,346.535,347.22,345.48,346.11,345.6933677280843,349.86022192893273,352.8371490897531,346.88329476811236,440948,983884.3333333334,-0.1744877846465065,2.7664217684102255,2.940909553056732,54.482710050789606,63.344104390065816,NaN,NaN,NaN,NaN,4.058916084856276,32.327642166811934
2025-09-08T15:30:00-04:00,346.14,346.94,345.75,346.44,345.6933677280843,349.5940395035969,352.60092171420376,346.58715729299,453218,987560.7,-0.3349611967172832,2.522208057160128,2.8571692538774114,55.11863712688683,63.344827186139135,NaN,NaN,NaN,NaN,3.8539935073665417,32.20980309879003
2025-09-09T09:30:00-04:00,348.44,350.77,345.5,346.63,345.6933677280843,347.6333333333334,347.6333333333334,347.6333333333334,1552100,1025669,-0.43190651366429256,2.3172861117970456,2.749192625461338,55.50409358137011,62.42676464541613,NaN,NaN,NaN,NaN,3.9551368282689303,32.778531459847805
2025-09-09T10:30:00-04:00,346.58,347.36,343.83,346.38,345.6933677280843,347.0140136374193,347.8606350250407,346.16739224979784,830560,1042174.1333333333,-0.5110469873918797,2.1103838912214883,2.621430878613368,54.836746057270496,61.40863505438403,NaN,NaN,NaN,NaN,3.924769911964009,32.701644706611866
2025-09-09T11:30:00-04:00,346.37,348.5,346.09,347.71,345.6933677280843,347.08666071701003,347.8726458370768,346.3006755969433,499299,995738.5666666667,-0.47288236763016656,2.03032791907566,2.5032102867058263,57.747313592691974,60.73555105289653,NaN,NaN,NaN,NaN,3.816572061109439,32.837737771625754
2025-09-09T12:30:00-04:00,347.68,348.18,346.19,346.91,341.8133400557687,347.08747359897586,347.82403188271405,346.35091531523767,399795,945488.1333333333,-0.4980476696400644,1.880650699655746,2.3786983692958104,55.4331961011603,59.5680293355623,NaN,NaN,NaN,NaN,3.686102628173051,32.964109903424365
2025-09-09T13:30:00-04:00,346.91,347.83,345.98,346.59,341.8133400557687,347.06098707187425,347.7677016983875,346.354272445361,333052,925221.5333333333,-0.5298201029806409,1.716423240570009,2.24624334355065,54.4925304845439,58.49019770564619,NaN,NaN,NaN,NaN,3.554952440446402,32.994877278558576
2025-09-09T14:30:00-04:00,346.62,347.16,345.7,346.32,341.8133400557687,347.00417321076236,347.70535044596767,346.30299597555705,336211,916840.8,-0.5596697444035761,1.5466561630461797,2.106325907449756,53.66505450710728,57.751648297076166,NaN,NaN,NaN,NaN,3.405312980414519,32.90182163702306
2025-09-09T15:30:00-04:00,346.35,347.15,346.1,347.005,341.8133400557687,346.9812227554036,347.6537044603832,346.30874105042403,395013,905769.4666666667,-0.524527980072683,1.450665932358902,1.975193912431585,55.51085178151928,56.97186127704104,NaN,NaN,NaN,NaN,3.2370763389563355,32.81541282702579
2025-09-10T09:30:00-04:00,350.37,352.2,346.08,349.16,344.6357617084635,349.1466666666667,349.1466666666667,349.1466666666667,1484597,926915.7333333333,-0.3554855798836509,1.5308369375770212,1.8863225174606721,60.80125627814542,56.44100718202655,NaN,NaN,NaN,NaN,3.442999457602312,33.7633843925467
2025-09-10T10:30:00-04:00,349.12,356.33,349.07,354.67,346.6486093667708,351.4108168228134,353.5097918650144,349.3118417806124,1727446,963023.7333333333,0.10354014847979243,2.0157477030604127,1.9122075545806203,70.47028836831545,57.09942416279618,NaN,NaN,NaN,NaN,3.7156423534878606,35.24649215889096
2025-09-10T11:30:00-04:00,354.73,355.8,353.5,354.23,346.9048874934167,351.9001553342009,354.13335176530086,349.666958903101,602249,927897.9333333333,0.3403078331899889,2.3375923460681065,1.9972845128781176,69.00647253032966,57.84687333735678,NaN,NaN,NaN,NaN,3.6145250425244426,36.62366365621063
2025-09-10T12:30:00-04:00,354.26,355.38,352.7,354.27,346.9239099947333,352.152809809844,354.36976022716027,349.9358593925277,490717,916697.1,0.45521357696299525,2.566301484081862,2.1110879071188666,69.06937404456662,58.682078510441976,NaN,NaN,NaN,NaN,3.547773253772697,37.52747794369878
2025-09-10T13:30:00-04:00,354.29,356.26,353.22,353.65,347.9751279957867,352.4091863547104,354.61206538437796,350.20630732504287,560973,915357.4666666667,0.44455788611162905,2.6667852647584027,2.2222273786467737,66.80617333546412,59.49604984572578,NaN,NaN,NaN,NaN,3.511503735646073,38.506905318973445
2025-09-10T14:30:00-04:00,353.65,354.43,347.16,347.44,347.9751279957867,351.9408985638887,354.1950850824857,349.6867120452917,1006381,932350.6,-0.0019926685989921644,2.2197365428980333,2.2217292114970255,49.360085706320405,59.13014810683512,NaN,NaN,NaN,NaN,3.7799677545284953,37.007890681924614
2025-09-10T15:30:00-04:00,347.47,350.26,347.39,347.86,347.9751279957867,351.6240848117249,353.9908853009714,349.2572843224784,596153,937117.7333333333,-0.27522910851609295,1.8776928258519092,2.152921934368002,50.305307731229206,58.78633886428815,NaN,NaN,NaN,NaN,3.7149700577764606,35.6159485189507
2025-09-11T09:30:00-04:00,350.17,359.25,347.6,358.9,347.9751279957867,355.25,355.25,355.25,2414358,999053.4333333333,0.2528587793042849,2.4689954084983583,2.2161366291940734,67.48535498350762,59.642143250155115,NaN,NaN,NaN,NaN,4.281757910792426,35.95675967482033
2025-09-11T10:30:00-04:00,358.86,363.3,357.05,361.63,349.34199642707426,357.8242660940349,360.5261050318329,355.1224271562369,2191743,1055996.6,0.7246168891842402,3.1219077406743736,2.3972908514901334,70.2264450034188,60.74140746059428,NaN,NaN,NaN,NaN,4.42234663145011,36.77805262207822
2025-09-11T11:30:00-04:00,361.61,363.56,360.32,360.38,350.77359714165937,358.4887457364704,361.2992063786473,355.67828509429347,1044147,948708.4,0.880692395417424,3.498156345761913,2.617463950344489,67.42366700370454,61.432575561380894,NaN,NaN,NaN,NaN,4.3378933006322455,37.57119534222637
2025-09-11T12:30:00-04:00,360.43,364.33,360.2,364.1,352.0358777133275,359.160136123255,362.19087253610974,356.1293997104002,1020716,934081.2333333333,1.145888938592666,4.049825123585322,2.9039361849926557,71.11797624860696,62.55291700048422,NaN,NaN,NaN,NaN,4.323043779158513,38.40177257346348
2025-09-11T13:30:00-04:00,364.07,367.64,363.66,365.23,355.81470217066203,360.34800747121017,364.03566756776604,356.6603473746543,1535114,956643.8666666667,1.2976789307193286,4.5260348483918165,3.228355917672488,72.15111591348955,63.81424453112321,NaN,NaN,NaN,NaN,4.29854065207576,39.55310952111729
2025-09-11T14:30:00-04:00,365.225,368.36,364.95,367.06,357.19476173652964,361.2226263643254,365.29961975154185,357.1456329771089,1289152,964335.4666666667,1.4121455033862391,4.9935377969052865,3.5813922935190474,73.78647869181319,65.25148911574504,NaN,NaN,NaN,NaN,4.235073462641778,40.70000995145118
2025-09-11T15:30:00-04:00,367.03,368.99,365.85,368.88,358.4878093892237,361.7408448072488,366.045308975464,357.43638063903353,798045,961136.8333333334,1.493361211036254,5.448093807314365,3.954732596278111,75.33760291080935,66.66768562498007,NaN,NaN,NaN,NaN,4.156853929595935,41.83496707866019
2025-09-12T09:30:00-04:00,370.78,392.41,370.25,391.79,372.24324751137897,384.81666666666666,384.81666666666666,384.81666666666666,5662206,1115818.7,2.89198931671104,7.5697192421669115,4.677729925455871,86.31507049943336,68.49010092650063,NaN,NaN,NaN,NaN,5.540650077481942,44.34338676279624
2025-09-12T10:30:00-04:00,391.8,394.19,386.9,388.19,374.41159800910316,386.5001043253391,388.8427163593861,384.15749229129216,2924011,1187511.5333333334,3.344629898077125,8.858517298052277,5.513887399975152,80.26895315931566,69.19000555442922,NaN,NaN,NaN,NaN,5.66560364337609,46.73350313546106
2025-09-12T11:30:00-04:00,388.225,392.65,387.8,391.66,374.41159800910316,387.1677851540134,389.8091313343095,384.52643897371735,1621489,1179263.9,3.624183453906194,10.044116717357895,6.419933263451701,81.60637648197812,70.08999869383267,NaN,NaN,NaN,NaN,5.607346240277795,48.952896910078394
2025-09-12T12:30:00-04:00,391.66,395.99,391.08,393.59,378.936822725826,388.1499749325794,391.49821537539106,384.8017344897678,1855495,1204206.7666666666,3.6740553065770616,11.012502396673028,7.338447090095967,82.32402955541036,71.03675980175008,NaN,NaN,NaN,NaN,5.557535794543668,51.131827930835115
2025-09-12T13:30:00-04:00,393.58,395.5,393.22,394.95,380.7174581806608,388.7236674200953,392.4051330639687,385.0422017762219,1186451,1218021.8333333333,3.5326027688513264,11.754200551160125,8.221597782308798,82.83233500833927,72.18148563552688,NaN,NaN,NaN,NaN,5.323426094933404,53.1551210215378
2025-09-12T14:30:00-04:00,394.98,396.61,392.62,393.95,382.78896654452865,389.33431771589426,393.23082063251064,385.4378147992779,1599304,1246063.1666666667,3.1199857826692377,12.121580010645346,9.001594227976108,80.98813227868133,74.44063181926695,NaN,NaN,NaN,NaN,5.228181373866732,55.074835017345535
2025-09-12T15:30:00-04:00,393.94,396.5,391.98,396,383.1831732356229,389.75461696124404,393.7736544670157,385.73557945547236,1230470,1269380.4333333333,2.7465710336929128,12.434808020092248,9.688236986399335,81.87883624409602,76.69588385590029,NaN,NaN,NaN,NaN,5.177596990019107,56.638422416105335